"","NodeCor","chr","pos","strand","Name","AddressA","AddressB","ProbeSeqA","ProbeSeqB","Type","NextBase","Color","Probe_rs","Probe_maf","CpG_rs","CpG_maf","SBE_rs","SBE_maf","Islands_Name","Relation_to_Island","Forward_Sequence","SourceSeq","Random_Loci","Methyl27_Loci","UCSC_RefGene_Name","UCSC_RefGene_Accession","UCSC_RefGene_Group","Phantom","DMR","Enhancer","HMM_Island","Regulatory_Feature_Name","Regulatory_Feature_Group","DHS"
"cg03427058",-0.709664830717682,"chr1",1565025,"+","cg03427058","72772487","28601317","TTTCTTACTAACAACCACCTAACACCTAATACACTTCTTCATCCTACACA","TTTCTTACTAACGACCACCTAACACCTAATACACTTCTTCATCCTACGCG","I","C","Grn",NA,NA,NA,NA,NA,NA,"chr1:1564421-1570006","Island","GGTGGGGAGGCCCGGCTAGTAGGGCCGCAGCCAACCGCGCTCTCCTCTTCGCAGAGTGCG[CG]CGCAGGATGAAGAAGTGCATCAGGTGCCAGGTGGTCGTCAGCAAGAAACTGCGCCCAGGT","CGCGCAGGATGAAGAAGTGCATCAGGTGCCAGGTGGTCGTCAGCAAGAAA","","","MIB2;MIB2;MIB2;MIB2;MIB2;MIB2","NM_001170687;NM_001170688;NM_080875;NM_001170689;NM_001170686;NR_033183","Body;Body;Body;Body;Body;Body","","","","1:1554338-1555135","","",""
"cg11177980",0.70659407203162,"chr1",41982115,"-","cg11177980","19632314","43785450","TCTATCTCATCACAAAAAATAAAAACTCCATCCTTCAATCTCTTAAACCA","TCTATCTCGTCGCGAAAAATAAAAACTCCATCCTTCAATCTCTTAAACCG","I","T","Red",NA,NA,NA,NA,NA,NA,"chr1:41981788-41982043","S_Shore","CTCCCCCCGGCATCTGTCTCGTCGCGGGAAGTGGAAACTCCATCCTTCAGTCTCTTGGGC[CG]TAATCCTTGGAGTCCTCCATGGCTCCTTTTCGTTCTTCCCCCTCTCTTCTGCCCCATATG","CGGCCCAAGAGACTGAAGGATGGAGTTTCCACTTCCCGCGACGAGACAGA","","","HIVEP3;HIVEP3","NM_024503;NM_001127714","Body;Body","","","TRUE","1:41754496-41755003","1:41981453-41983086","Unclassified",""
"cg14531564",0.69859524728333,"chr1",1154853,"-","cg14531564","50751315","26717494","TACCCCTCTAAAAAAACAAAATCACCCTAAAAACTAACATACACACAACA","TACCCCTCTAAAAAAACGAAATCACCCTAAAAACTAACGTACGCACGACG","I","C","Grn",NA,NA,NA,NA,NA,NA,"chr1:1152522-1153134","S_Shore","CACACCCGCGCCTGCCCCTCTGGAGGAGCGGAATCACCCTGAAGGCTGACGTGCGCACGG[CG]CCGCGGGGCGAAGGACTCACTGCCCTTTTCCGTTTCCTTCACGTGTGACGTCACAGGGAG","TGCCCCTCTGGAGGAGCGGAATCACCCTGAAGGCTGACGTGCGCACGGCG","","","SDF4;SDF4","NM_016176;NM_016547","Body;Body","","","","1:1144705-1144909","1:1154383-1155311","Gene_Associated_Cell_type_specific",""
"cg17122213",0.696070456238486,"chr1",1564920,"-","cg17122213","62646344","55746403","CTAAATACCTAATATACTCCAAACTAACACTACTAATACTATTCTCACCA","CTAAATACCTAATATACTCCGAACTAACGCTACTAATACTATTCTCGCCG","I","T","Red",NA,NA,NA,NA,NA,NA,"chr1:1564421-1570006","Island","GGCCCGAGGCCGCTGAGTGCCTGGTGTGCTCCGAGCTGGCGCTGCTGGTGCTGTTCTCGC[CG]TGCCAGCACCGCACCGTGTGTGAGGGTGAGTGGGGGGCCCCGGGGTGGGGAGGCCCGGCT","CGGCGAGAACAGCACCAGCAGCGCCAGCTCGGAGCACACCAGGCACTCAG","","","MIB2;MIB2;MIB2;MIB2;MIB2;MIB2","NM_001170687;NM_001170688;NM_080875;NM_001170689;NM_001170686;NR_033183","Body;Body;Body;Body;Body;Body","","","","1:1554338-1555135","","",""
"cg18128887",0.694176444492931,"chr1",24861708,"+","cg18128887","21685388","44736474","CAATCAAAAATCTAAAACTCATTCAACACTACAATCAAAAAATCAAAACA","CAATCAAAAATCTAAAACTCATTCAACGCTACGATCGAAAAATCGAAACG","I","C","Grn","rs16829813",0.029635,NA,NA,NA,NA,"chr1:24861702-24861920","Island","AGTGAAACTGAAGAGGAAGAAGAGACAAAAAACCCCAAACAGAAAATTGCCCAGACGAGG[CG]CCCCGACCCTCCGACCGCAGCGTTGAATGAGCCCCAGACCTTTGATTGCGCGCTGTGAGG","CGCCCCGACCCTCCGACCGCAGCGTTGAATGAGCCCCAGACCTTTGATTG","","","RCAN3","NM_013441","Body","","","","1:24734290-24734460","1:24861424-24861999","Promoter_Associated_Cell_type_specific",""
"cg20996351",0.693207176543781,"chr1",27687232,"+","cg20996351","13809302","61637328","AACACATATAAAATAATATACACAAACCACAATCACCACACAAAAATACA","AACACGTATAAAATAATATACGCGAACCGCGATCGCCACACGAAAATACG","I","C","Grn",NA,NA,NA,NA,NA,NA,"chr1:27687024-27687743","Island","CACCCGCGCTGCCACGCACCGCACCTGCTGTCCCGCTCCGGGATCTCCTTGATGGCGATG[CG]CACCCTCGTGTGGCGATCGCGGCCCGCGTACACCACCCCATACGTGCCCTTGCCCAGCAC","CGCACCCTCGTGTGGCGATCGCGGCCCGCGTACACCACCCCATACGTGCC","","","MAP3K6","NM_004672","Body","","","","1:27559510-27560330","","","TRUE"
"cg21826784",0.692444076032588,"chr1",11795937,"+","cg21826784","53650426","17672405","CACCCAAAACATATCCTACCTAACTAATATTCCAAAAAACAAACTATTCA","CGCCCAAAACGTATCCTACCTAACTAATATTCCAAAAAACGAACTATTCG","I","A","Red",NA,NA,NA,NA,NA,NA,"chr1:11795975-11796263","N_Shore","GTTGCCACATCAGCACTTTGCGCCTGGACGGTCCCCCAGTTGTCCTGGCTGCAGGCAGTC[CG]AACAGTCCGCTTCCTGGAATATTAGCCAGGCAGGATACGCCCTGGGCGACAGAAACTCCA","CGCCCAGGGCGTATCCTGCCTGGCTAATATTCCAGGAAGCGGACTGTTCG","","","AGTRAP;AGTRAP;AGTRAP;AGTRAP;AGTRAP","NM_001040194;NM_001040197;NM_001040195;NM_001040196;NM_020350","TSS1500;TSS1500;TSS1500;TSS1500;TSS1500","","","","","1:11795708-11797356","Promoter_Associated",""
"cg26336059",0.690893340941703,"chr1",153958977,"-","cg26336059","15786427","53698468","TCTATTCTCTCAATTTTCCCTTCCTAACTTAAACCAACCTATCTCTCTCA","TCTATTCTCTCGATTTTCCCTTCCTAACTTAAACCGACCTATCTCTCTCG","I","C","Grn","rs111939539",0.014181,NA,NA,NA,NA,"","OpenSea","GCCAGCCCGGCCTCTGTTCTCTCGGTTTTCCCTTCCTAGCTTAGGCCGGCCTGTCTCTCT[CG]CTATTTTCCACAGCCTTTCGGTAATTGTAGCTCCCCTCTTAGGACCTTACTCTTCCATTC","TCTGTTCTCTCGGTTTTCCCTTCCTAGCTTAGGCCGGCCTGTCTCTCTCG","","","RAB13","NM_002870","TSS200","","","","1:152225286-152225602","1:153958959-153959765","Unclassified",""
"cg14753334",0.689378504034152,"chr3",73674702,"-","cg14753334","12781431","65626475","ACCAATAAATAAATCTACCCAAAAAAATTTTAATAAACAAAAACTACTCA","ACCGATAAATAAATCTACCCGAAAAAATTTTAATAAACAAAAACTACTCG","I","C","Grn",NA,NA,NA,NA,NA,NA,"chr3:73673230-73674375","S_Shore","CAGGTTTCCAGGACCGGTGGGTGAATCTACCCGGGGAAGTTTTGGTGGACAAGAGCTGCT[CG]CCAGCTGTCGGAGTGGGAGAGGCCAGCGTGCTGGCTCCATCCACTTCACCTAACACCTCT","ACCGGTGGGTGAATCTACCCGGGGAAGTTTTGGTGGACAAGAGCTGCTCG","","","PDZRN3","NM_015009","TSS1500","","","","3:73757271-73757403","","","TRUE"
"cg17917325",0.688641096083455,"chr7",56142347,"-","cg17917325","64622442","40624341","CATCCAAAAAAAACTAAAACACCCAATATTACACATAAACTAAAATAACA","CATCCGAAAAAAACTAAAACACCCAATATTACACGTAAACTAAAATAACG","I","C","Grn",NA,NA,NA,NA,NA,NA,"","OpenSea","TCCTGGCTCTGGCATCCGAGAGAGACTGGAGCACCCAGTGTTACACGTGAGCTGGAATGA[CG]CCCGTGCCTACTGTGCTTGGCGGGGAAAACGACTGCCCACGGAGGAAGAGTGGGAGTTTG","CATCCGAGAGAGACTGGAGCACCCAGTGTTACACGTGAGCTGGAATGACG","","","SUMF2;SUMF2;SUMF2;SUMF2;SUMF2","NM_001042470;NM_001042469;NM_001146333;NM_001130069;NM_015411","Body;Body;Body;Body;Body","","","","7:56109650-56109883","7:56141833-56142384","Gene_Associated","TRUE"
"cg25432518",0.686947115776311,"chr7",1894300,"-","cg25432518","53750419","26726400","CCTCCTCATACCCCTCACAATAAAAATTCAATTTCCACATAAAAACTACA","CCTCCTCATACCCCTCACAATAAAAATTCGATTTCCACGTAAAAACTACG","I","A","Red",NA,NA,NA,NA,NA,NA,"chr7:1896090-1896451","N_Shore","CCGAAGACCCCGCCTCCTCATGCCCCTCACAGTGGGGATTCGGTTTCCACGTGGGAACTG[CG]GGACACAAACCTCGGTCCCCAGCATCCTGCCCCTGTCCCCACAGAACCCACATCCTTCTC","CCTCCTCATGCCCCTCACAGTGGGGATTCGGTTTCCACGTGGGAACTGCG","","","MAD1L1;MAD1L1;MAD1L1","NM_003550;NM_001013837;NM_001013836","Body;Body;Body","","","","7:1860677-1860841","","",""
"cg07471156",0.684727402517829,"chr8",145625605,"-","cg07471156","45696391","61711438","CACAAAACAAAAAAACCATAATTCCTATAATAAAACTATTAAAAACCACA","CACGAAACGAAAAAACCGTAATTCCTATAATAAAACTATTAAAAACCACG","I","C","Grn",NA,NA,NA,NA,NA,NA,"chr8:145621585-145621891","S_Shelf","CCACCCCACACTCACGAAGCGGGAAAGCCGTGGTTCCTGTGGTGAGGCTGTTGAGAGCCA[CG]CCATACGGGGGGACGCTCTGGTTCAGGTACAACAGCGAGTTGACGGCAAACACCACCACC","CACGAAGCGGGAAAGCCGTGGTTCCTGTGGTGAGGCTGTTGAGAGCCACG","","","CPSF1;MIR1234","NM_013291;NR_031600","Body;TSS200","","","","8:145595791-145596429","","",""
"cg05587400",0.682996734228762,"chr10",5817943,"-","cg05587400","39708493","49655503","CTACTAACTCTTAAACACAAAAAAAAACCACAATCCCTACAACTACATCA","CTACTAACTCTTAAACGCAAAAAAAAACCACAATCCCTACGACTACATCG","I","C","Grn",NA,NA,NA,NA,NA,NA,"","OpenSea","CTCTGCGCCCCGCTGCTGGCTCTTGAACGCAGAGAGGGGCCACAGTCCCTGCGGCTGCAT[CG]CGCTTCCCTGCAGTCCCCTCCATGTTCCCCTGCGCCACTGCTCCCCTTCCTAAGGCTGCC","CTGCTGGCTCTTGAACGCAGAGAGGGGCCACAGTCCCTGCGGCTGCATCG","","","GDI2;GDI2","NM_001494;NM_001115156","Body;Body","","","TRUE","","10:5817526-5818444","Promoter_Associated",""
"cg07298473",0.682289187438888,"chr11",47279183,"-","cg07298473","67739372","11786363","CTAAAACTCAATATCACAATTCCAAACCATACTAAAACCTTTACTCCACA","CTAAAACTCAATATCGCAATTCCGAACCGTACTAAAACCTTTACTCCACG","I","A","Red",NA,NA,NA,NA,NA,NA,"","OpenSea","CTGGGAAAGCCGCTGGGGCTCAGTGTCGCAATTCCGGGCCGTGCTGGGACCTTTGCTCCA[CG]AGGTGCCTATGGAGGGGAGGGAACACGATTCTGGAGGCTGCTGGGATTGGGGTGGGGGTT","CTGGGGCTCAGTGTCGCAATTCCGGGCCGTGCTGGGACCTTTGCTCCACG","","","NR1H3;NR1H3;NR1H3","NM_001130102;NM_005693;NM_001130101","5'UTR;TSS1500;TSS1500","","","TRUE","","","","TRUE"
"cg09762242",0.68198271196162,"chr11",65408429,"+","cg09762242","51668475","13798491","CACAACTTACAAACAAAAAAATCATCTATAAACACAAAAACCATACCCCA","CGCAACTTACGAACAAAAAAATCATCTATAAACGCAAAAACCATACCCCG","I","C","Grn",NA,NA,NA,NA,NA,NA,"chr11:65408344-65408631","Island","CCCGGAGAGTCAGGCCCACAGAGCATGCCCATGTGGGCCGGCGGTGTGGGGAGCCCTCGG[CG]GGGCATGGCCCCTGCGTCCACAGATGACCTCTTTGCCCGCAAGCTGCGCCAGCCAGCAAG","CGGGGCATGGCCCCTGCGTCCACAGATGACCTCTTTGCCCGCAAGCTGCG","","","SIPA1;SIPA1","NM_153253;NM_006747","Body;Body","","","","11:65165002-65165180","11:65406971-65408534","Promoter_Associated",""
"cg19202014",0.681354689122112,"chr11",417578,"+","cg19202014","25643386","13808349","AATAAACACTCCAAAAAATCCCCAAAACTCTAAAACTCCAAAACTCTACA","GATAAACGCTCCGAAAAATCCCCAAAACTCTAAAACTCCGAAACTCTACG","I","C","Grn",NA,NA,NA,NA,NA,NA,"chr11:416419-417650","Island","CTGCCCGGGAGCCGCTGCCGCACGGGCCTGGGGCCAGTGGCCAAACCAGCCCAACCAGCG[CG]CAGAGCCCCGGAGCCCCAGAGCCTTGGGGACTCTTCGGAGCGTCCACCGCCCTCAAGGTT","GGTGGACGCTCCGAAGAGTCCCCAAGGCTCTGGGGCTCCGGGGCTCTGCG","","","SIGIRR;SIGIRR","NM_001135053;NM_021805","TSS200;TSS200","","","","11:406420-407650","","",""
"cg25256924",0.681302947762955,"chr11",67205739,"-","cg25256924","16702369","37668388","TAACTTCAACCTAAACCTAAAACAAATAAAAATAAAAACTAACCCCTACA","TAACTTCGACCTAAACCTAAAACGAATAAAAATAAAAACTAACCCCTACG","I","C","Grn",NA,NA,NA,NA,NA,NA,"chr11:67203319-67203662","S_Shelf","AAAGCTGGGCGCTGGCTTCGGCCTGGGCCTGGGACGGGTGGGGGTGGGAACTGACCCCTG[CG]CTGCCTCAGAGGCTCTGGGCAGCCAGCTAGCCCGGTGCGACCCGCTGGCAGAAGCTGAGT","CGCAGGGGTCAGTTCCCACCCCCACCCGTCCCAGGCCCAGGCCGAAGCCA","","","CORO1B;CORO1B;PTPRCAP","NM_001018070;NM_020441;NM_005608","3'UTR;3'UTR;TSS1500","","","","","","",""
"cg04545296",0.680484606489609,"chr12",48745243,"+","cg04545296","63748421","12616426","AACTCAAATATCACCTACAACTACAACTCCCACAAATAAAACAACAACCA","AACTCAAATATCACCTACGACTACGACTCCCGCAAATAAAACAACAACCG","I","C","Grn",NA,NA,NA,NA,NA,NA,"chr12:48744318-48745099","S_Shore","GAGGAGGAGTCACTTATTCTGCCTGAGGGGAAGTCAGGTTGCTATCTGAAGTTGGCCTTG[CG]GCTGCTGTCCCATTTGCGGGAGCCGTAGCCGCAGGTGACACCTGAGCTCTCGAAATGTGG","CGGCTGCTGTCCCATTTGCGGGAGCCGTAGCCGCAGGTGACACCTGAGCT","","","ZNF641","NM_152320","TSS1500","","","","12:47030600-47031542","12:48743712-48745643","Promoter_Associated",""
"cg11639950",0.679610595173813,"chr12",125003407,"+","cg11639950","37646468","66765362","ACCAAAACCTAAATTCAAAACCAAACCAAAACCAAAACACCAAAACTACA","ACCGAAACCTAAATTCGAAACCAAACCGAAACCAAAACGCCAAAACTACG","I","C","Grn",NA,NA,NA,NA,NA,NA,"chr12:125003217-125003482","Island","CCCGCTTCCTCCCAGCCCGGACTGTCCAGCTTCGAGCCGCACCTGCACCTCCAACCTGAG[CG]TAGCTCTGGCGCCTTGGCTCCGGCCTGGTTCCGAACCCAGGCCTCGGCCCATCCCTCCCC","GCCGAGGCCTGGGTTCGGAACCAGGCCGGAGCCAAGGCGCCAGAGCTACG","","","NCOR2;NCOR2","NM_006312;NM_001077261","5'UTR;5'UTR","","RDMR","TRUE","12:123568738-123569372","","",""
"cg19476647",0.679134513487588,"chr12",6492948,"+","cg19476647","38760474","73712357","CCCAAAACAAACAATCATAAAAAAAACAAAACACAAAAACTACAAAACCA","CCCAAAACGAACAATCATAAAAAAAACAAAACGCGAAAACTACAAAACCG","I","C","Grn",NA,NA,NA,NA,NA,NA,"chr12:6492889-6493522","Island","AACGGGGGAGGAACCCGGGCATCTGCCAGCCGGTTCTCCTCGGTCTCAGAGCTGCTTCTG[CG]GCCTTGCAGTCCCCGCGCCCTGCCCTCTCCATGACTGCCCGTCCTGGGCCCCTCGCTTTC","CGGCCTTGCAGTCCCCGCGCCCTGCCCTCTCCATGACTGCCCGTCCTGGG","","","LTBR","NM_002342","TSS1500","","","TRUE","","12:6492944-6493404","Unclassified_Cell_type_specific",""
"cg12212198",0.678589289498328,"chr13",114302021,"+","cg12212198","59718418","15691501","AAAAACAACCATACCAACAAATTAACTATAAACCCAAAATCCTCAAACCA","AAAAACGACCGTACCAACAAATTAACTATAAACCCGAAATCCTCGAACCG","I","T","Red","rs113373977",0.033394,NA,NA,NA,NA,"chr13:114302311-114302519","N_Shore","TCCCAAGTGAGCGGGGCGGCTGTCCTCGAGGACTCCGGGCTCACAGCCAACCTGCTGGCA[CG]GCTCGAGGACTCCGGGCTCACAGCCAACCTGCTGGCACGGCCGCCCTTTCCCGCCCTGCC","CGGCTCGAGGACTCCGGGCTCACAGCCAACCTGCTGGCACGGCCGCCCTT","","","","","","","","","13:113349988-113350086","","","TRUE"
"cg25936358",0.678109509274384,"chr13",114301996,"+","cg25936358","44700436","63669505","CTATAAACCCAAAATCCTCAAACCATACCAACAAATTAACTATAAACCCA","CTATAAACCCGAAATCCTCGAACCGTACCAACAAATTAACTATAAACCCG","I","A","Red","rs113373977",0.033394,NA,NA,NA,NA,"chr13:114302311-114302519","N_Shore","CCTCCCAGTTCAGCTTCCTCCTGCGTCCCAAGTGAGCGGGGCGGCTGTCCTCGAGGACTC[CG]GGCTCACAGCCAACCTGCTGGCACGGCTCGAGGACTCCGGGCTCACAGCCAACCTGCTGG","CGGGCTCACAGCCAACCTGCTGGCACGGCTCGAGGACTCCGGGCTCACAG","","","","","","","","","13:113349988-113350086","","","TRUE"
"cg08433504",0.677722689777803,"chr15",39872071,"+","cg08433504","44626346","62699334","ACTTCCTAAAATTCCATTCATCTCTTCAAAATAAAACATCAACCACCTCA","ACTTCCTAAAATTCCATTCATCTCTTCGAAATAAAACGTCAACCGCCTCG","I","C","Grn",NA,NA,NA,NA,NA,NA,"chr15:39872527-39873567","N_Shore","CTTCTACCTATGCCCTGGCCTCGGAGCGAGCCCGATAGCGCTGGATCACAGCAGAGGGAG[CG]AGGCGGCTGACGTCCCATCCCGAAGAGATGAATGGAATTCCAGGAAGCTAGAGTCATGCT","GCTTCCTGGAATTCCATTCATCTCTTCGGGATGGGACGTCAGCCGCCTCG","","","THBS1","NM_003246","TSS1500","","","","15:37659329-37659479","15:39871281-39873707","Unclassified",""
"cg24632582",0.676256411007428,"chr15",41233701,"-","cg24632582","41777367","14696485","ATACTCCATCTCTTAACTAAAACCCACAAAACTCTCCATAACTTCCCTCA","ATACTCCATCTCTTAACTAAAACCCACAAAACTCTCCGTAACTTCCCTCG","I","C","Grn",NA,NA,NA,NA,NA,NA,"chr15:41233833-41234391","N_Shore","ACGGTGGTGTGGATGCTCCATCTCTTGACTGGGACCCACAGAGCTCTCCGTAGCTTCCCT[CG]CCGCAGCTCTCCCAGCCTCTCCCTCTGGATCCACAGGATCAGCGGCCCCAGCCCTCCGCC","ATGCTCCATCTCTTGACTGGGACCCACAGAGCTCTCCGTAGCTTCCCTCG","","","","","","","","TRUE","","","",""
"cg00759807",0.67607307449675,"chr16",89390789,"+","cg00759807","29786420","18734427","TAATTTTAATTTACATTTTCTTAATAACTAACAAAACTAAAAACTTTACA","TAATTTTAATTTACATTTTCTTAATAACTAACGAAACTAAAAACTTTACG","I","C","Grn",NA,NA,NA,NA,NA,NA,"","OpenSea","AGTCGGGGCGACGTGGGTGCCTCACAGAAGAGGGAAAAAGCCAGGAGGGCGGCACGTGGG[CG]CAAAGTTCTCAGCTTCGTTAGTCATCAAGAAAATGCAAACTAAAACCAAGGTAAGTGTGA","TGGTTTTAGTTTGCATTTTCTTGATGACTAACGAAGCTGAGAACTTTGCG","","","ANKRD11","NM_013275","5'UTR","","","","16:87918083-87918291","16:89390622-89390990","Unclassified",""
"cg03776194",-0.676070809682429,"chr16",88770966,"+","cg03776194","66716458","26726474","AAAAAAACCTCCCATAAACTTTAAATACCAACACCTTCACCATATAATCA","AAAAAAACCTCCCGTAAACTTTAAATACCAACACCTTCACCGTATAATCG","I","A","Red",NA,NA,NA,NA,NA,NA,"chr16:88772237-88773195","N_Shore","ATTTGAAAAAGAAGGGCAAAGACCAATTTGTGCAGGTTAGGAAAGTGGAGATGCTGTGGC[CG]ACCACACGGTGAAGGTGTTGGCACCCAAAGCCTACGGGAGGCTTTTCTAAAACAAGGCCT","AGAAAAGCCTCCCGTAGGCTTTGGGTGCCAACACCTTCACCGTGTGGTCG","","","RNF166","NM_178841","Body","","CDMR","","","16:88770813-88771129","Promoter_Associated_Cell_type_specific",""
"cg03297901",-0.675604268801969,"chr17",76117767,"+","cg03297901","65754398","69631486","ACAAAAACACAATACCACCTACAAAAACTACTAACCAAATAACAACTACA","ACGAAAACACGATACCGCCTACAAAAACTACTAACCGAATAACAACTACG","I","A","Red",NA,NA,NA,NA,NA,NA,"","OpenSea","CACACAAGCCCCAGCACAGCCGCCTGCCGCAGCCTCCCGCACACGCTCCTGGGGCTGTGC[CG]CAGCTGCCACTCGGCCAGCAGCTCCTGCAGGCGGCACCGTGTCCCCGTCACCCACACCAG","ACGGGGACACGGTGCCGCCTGCAGGAGCTGCTGGCCGAGTGGCAGCTGCG","","","TMC6;TMC6","NM_001127198;NM_007267","Body;Body","","","","17:73629267-73629410","17:76117019-76118603","Promoter_Associated_Cell_type_specific",""
"cg08835847",0.675494745380641,"chr17",72450692,"-","cg08835847","23602405","54667440","CTCCACCAACAACATTTATAACCAAATCACTATATAATAAAACTAACCCA","CTCCACCAACGACATTTATAACCGAATCGCTATATAATAAAACTAACCCG","I","A","Red",NA,NA,NA,NA,NA,NA,"chr17:72449982-72450617","S_Shore","GGGGTTCCTCGGCTCCACCAGCGACATTTGTGGCCGGATCGCTGTGTAGTGGAGCTGGCC[CG]GGAACTGCAGGATATTGAGCGGCATCCCTGACCCCCTCCACTGGATGCCAGGAGCACAGC","CGGGCCAGCTCCACTACACAGCGATCCGGCCACAAATGTCGCTGGTGGAG","","","","","","","","","","17:72449143-72450756","Unclassified",""
"cg19443920",0.675448090365933,"chr17",40075879,"+","cg19443920","67625433","58605412","ATTCCTAACTCCACCCTAATCCATACTAAAACAAACAAATAAATAAAACA","ATTCCTAACTCCGCCCTAATCCGTACTAAAACGAACAAATAAATAAAACG","I","A","Red",NA,NA,NA,NA,NA,NA,"chr17:40074291-40075380","S_Shore","GGATAAGGCAGGGGCCGCGGTAAGCAAGTGGGGCTAGGAGGGTGCAGGCACAGCGCTGTC[CG]TCCCACTCACCTGCTCGCCTCAGCACGGATCAGGGCGGAGCTAGGAATTCAATGCGAGAT","ATTCCTAGCTCCGCCCTGATCCGTGCTGAGGCGAGCAGGTGAGTGGGACG","","","ACLY;ACLY","NM_001096;NM_198830","TSS1500;TSS1500","","","","","17:40074089-40076056","Promoter_Associated",""
"cg21773646",0.675087191549451,"chr17",80085082,"+","cg21773646","28749378","43746435","AAACCAACCCCAATAATACTCAACCTCACAAACCAAACAAATATCAACCA","AAACCGACCCCAATAATACTCAACCTCACGAACCAAACAAATATCAACCG","I","C","Grn",NA,NA,NA,NA,NA,NA,"chr17:80085040-80085333","Island","GCAGAGAAGAGTCTCAGGGCGGCAACGTCCGCGCAGCAAAGCAGGACGAGGATGAGGATG[CG]GCTGACACTTGTCTGGCCCGTGAGGCTGAGCATCACTGGGGTCGGCCTGGCTCTTCCCCG","CGGCTGACACTTGTCTGGCCCGTGAGGCTGAGCATCACTGGGGTCGGCCT","","","CCDC57","NM_198082","Body","","","","17:77678040-77678577","17:80084280-80085965","Unclassified_Cell_type_specific",""
"cg23161218",-0.675017562626361,"chr17",7461638,"-","cg23161218","47701343","30700446","TCAACAAACACACAAAAACCCAAAACCCTATATACTAAAAAAAAATCCCA","TCAACAAACACACGAAAACCCGAAACCCTATATACTAAAAAAAAATCCCG","I","C","Grn",NA,NA,NA,NA,NA,NA,"chr17:7464666-7465823","N_Shelf","AGGGGCTGAGAGTCAGCAGGCACACGGGAACCCGGAACCCTGTGTGCTGGGGAGGAATCC[CG]CAGTGGCCGGGGGGCTTGAGGCCGCTGCTTTGTCTCTTCGTCCAGAGCCTTATGTAAGAG","CGGGATTCCTCCCCAGCACACAGGGTTCCGGGTTCCCGTGTGCCTGCTGA","","","TNFSF13;TNFSF13;TNFSF13;TNFSF13;TNFSF12-TNFSF13;TNFSF13;TNFSF13","NM_003808;NM_172087;NM_003808;NM_172087;NM_172089;NM_172088;NM_172088","5'UTR;5'UTR;1stExon;1stExon;Body;1stExon;5'UTR","low-CpG:7402315-7402365","","","","17:7461366-7461673","Promoter_Associated_Cell_type_specific","TRUE"
"cg23925513",-0.675004013533223,"chr17",6923526,"+","cg23925513","63784426","49651346","AAATTCCCCACAACAACCAAAACTACAAAATAAACCAAACCAACTCTTCA","AAATTCCCCACGACAACCGAAACTACAAAATAAACCAAACCAACTCTTCG","I","C","Grn",NA,NA,NA,NA,NA,NA,"chr17:6925400-6927527","N_Shore","GGGGGTGGGCGGTGGGAGGGAGAGAGGGGAGGAGGGCCGAAGAGAGAAGGGACCCAGGCG[CG]AAGAGCTGGCCTGGCTTACCCTGTAGCCCCGGCTGCCGTGGGGAACCCCTCCCCGCCATC","GGGTTCCCCACGGCAGCCGGGGCTACAGGGTAAGCCAGGCCAGCTCTTCG","","","","","","","RDMR","","","","","TRUE"
"cg03074126",0.674446604056662,"chr19",45317345,"-","cg03074126","60767340","50646414","AACCTTTAACCCACCATAACCCTCACCTAAAATACAAAACTAACCTCTCA","AACCTTTAACCCGCCATAACCCTCACCTAAAATACAAAACTAACCTCTCG","I","C","Grn","rs28399616",0.020492,NA,NA,NA,NA,"chr19:45315377-45315722","S_Shore","CCTATGACCCGTAACCTTTGACCCGCCATAGCCCTCACCTGGGATGCAGGGCTGACCTCT[CG]CCTGTCCTCTAGCCTTGACCCTTCCCCTGATCACAATTCCCATCTCCCTGCCCTTCCCTT","AACCTTTGACCCGCCATAGCCCTCACCTGGGATGCAGGGCTGACCTCTCG","","","BCAM;BCAM","NM_001013257;NM_005581","Body;Body","","","","","19:45317188-45317384","Unclassified_Cell_type_specific",""
"cg08358907",0.673683892636946,"chr19",17877508,"+","cg08358907","62619411","48617491","ACTTCCATATCAATTCCAAATAACACAACACCAACTTATCCAAAAAAACA","ACTTCCGTATCAATTCCAAATAACACAACGCCAACTTATCCGAAAAAACG","I","C","Grn",NA,NA,NA,NA,NA,NA,"chr19:17877468-17877777","Island","AACCCTGGGTGTGACCTTGCCCGCCCCCAGGACCTTCGCCCCGCTCTGGGAGGTCTTCCG[CG]TCTCCTCGGACAAGCTGGCGCTGTGCCACCTGGAACTGACACGGAAGTTACAGGATCTCA","ACTTCCGTGTCAGTTCCAGGTGGCACAGCGCCAGCTTGTCCGAGGAGACG","","","FCHO1;FCHO1;FCHO1;FCHO1","NM_015122;NM_001161358;NM_001161359;NM_001161357","Body;Body;Body;Body","","","","19:17738484-17738767","19:17877470-17877766","Gene_Associated_Cell_type_specific","TRUE"
"cg13077316",-0.673575419601181,"chr21",47845737,"-","cg13077316","36760383","64688331","AACATAACTATATAAAATAACAAACAACTCCCTTCTAACACACTTTCCCA","AACGTAACTATATAAAATAACAAACAACTCCCTTCTAACGCGCTTTCCCG","I","C","Grn",NA,NA,NA,NA,NA,NA,"chr21:47845595-47845864","Island","CAGGTGGTGTAGAGCGTGGCTGTGTGGGGTGGCAGGCAACTCCCTTCTGACGCGCTTTCC[CG]CCACAGGCTTTACTGCAGATGGTGCGTGACGAGAGCCACCAGATCCTGGCGCTGTCAGAA","AGCGTGGCTGTGTGGGGTGGCAGGCAACTCCCTTCTGACGCGCTTTCCCG","","","PCNT","NM_006031","Body","","","","21:46669457-46670310","21:47845617-47845901","Unclassified_Cell_type_specific",""
"cg12793123",0.673036490016833,"chr22",24823554,"-","cg12793123","46637446","24652316","TCACATAACATAACATAACTCACCACAACCTATATACATATAAACAACCA","TCACGTAACGTAACGTAACTCACCACAACCTATATACATATAAACAACCG","I","C","Grn",NA,NA,NA,NA,NA,NA,"chr22:24819537-24820810","S_Shelf","GGTGCCAATCCTTCACGTGACGTGACGTGGCTCACCACAGCCTGTGTACATGTGAGCAGC[CG]CGTGCAGAGGGGAAGCTCTGCCTGGGCCTCAGGGACTGTGACATGGAGCAGGAGCCGCCC","TCACGTGACGTGACGTGGCTCACCACAGCCTGTGTACATGTGAGCAGCCG","","","ADORA2A;ADORA2A","NM_000675;NM_000675","1stExon;5'UTR","","","","","22:24823542-24824114","Promoter_Associated",""
"cg20660269",0.672495028209994,"chr22",24823514,"+","cg20660269","37675510","54753403","TCTACACACAACTACTCACATATACACAAACTATAATAAACCACATCACA","TCTACACGCGACTACTCACATATACACAAACTATAATAAACCACGTCACG","I","T","Red",NA,NA,NA,NA,NA,NA,"chr22:24819537-24820810","S_Shelf","GCGGCATAGTACCTGTTGCCCGCCATCTGAGGGAGGTGCAGGTGCCAATCCTTCACGTGA[CG]TGACGTGGCTCACCACAGCCTGTGTACATGTGAGCAGCCGCGTGCAGAGGGGAAGCTCTG","CGTGACGTGGCTCACCACAGCCTGTGTACATGTGAGCAGCCGCGTGCAGA","","","ADORA2A","NM_000675","TSS200","","","","","","",""
"cg26297819",0.672469609109356,"chr22",41763280,"-","cg26297819","12803354","16796409","AACTCTCTATCAAAAAATTAACACAACAACTCCACATACTACAACTAACA","AACTCTCTATCAAAAAATTAACGCGACAACTCCACGTACTACAACTAACG","I","C","Grn",NA,NA,NA,NA,NA,NA,"","OpenSea","GATAACAGGCTGGGCTCTCTGTCAGAGGATTGGCGCGACAGCTCCACGTGCTGCAGCTGG[CG]CAGGGCCAGGCCCGCCCTGCCAAGCAGCGGGAAGGGAAGGCCTGGCTGCAGCCGGAGCTG","CGCCAGCTGCAGCACGTGGAGCTGTCGCGCCAATCCTCTGACAGAGAGCC","","","TEF","NM_001145398","TSS200","","","TRUE","","22:41763076-41763760","Unclassified_Cell_type_specific",""
"cg00384847",0.671973530696133,"chr1",12291339,"+","cg00384847","55728490","","TTAAAACCACTTCAAAAATTCCCTAAAAAAATTCAATATCAACAAAAACC","","II","","",NA,NA,NA,NA,NA,NA,"chr1:12289954-12290585","S_Shore","AGCTGCCTAGAAGTCCTGATGGACCGGAGTGTAAACACTTTGGGACTCTGGCCAGTCTGG[CG]GCCCTTGCTGACACTGAATTCCTTCAGGGAATCCTTGAAGTGGCCTCAAGCACGGTCTAG","CGGCCCTTGCTGACACTGAATTCCTTCAGGGAATCCTTGAAGTGGCCTCA","","","VPS13D;VPS13D","NM_018156;NM_015378","5'UTR;5'UTR","","","","","1:12289626-12291393","Promoter_Associated",""
"cg00787856",0.671901823791055,"chr1",10857110,"+","cg00787856","33797480","","TTCCACAATTCTAACATTCTAACTTACAAAAAAAAACCAATTCTTCTATC","","II","","",NA,NA,NA,NA,NA,NA,"chr1:10853894-10856964","S_Shore","GGGGGGGTTACTTTCCACCTGTTCTGAACCCCGAGAGAGCCCGAGTTCGGTTCCCACTTT[CG]ACAGAAGAACTGGCTCTTTTTTGCAAGTTAGAATGTTAGAACTGTGGAACCCAAAGGAAC","CGACAGAAGAACTGGCTCTTTTTTGCAAGTTAGAATGTTAGAACTGTGGA","","","CASZ1;CASZ1","NM_001079843;NM_017766","TSS1500;TSS1500","","","","","","",""
"cg03655701",0.67165938680409,"chr1",24885664,"-","cg03655701","41777342","","TAAAATATCCACTTTACATACTACTATCCAAAAACCTCTAAAATCAACCC","","II","","",NA,NA,NA,NA,NA,NA,"","OpenSea","AGTGCCTGTGGTAAGATGTCCACTTTGCATGCTGCTGTCCAAGGGCCTCTGAAGTCAGCC[CG]GAAGCAGCGGCCGGTTTGTTTGTCCTGGACAACCTCCAAGCCTTGTTCTAGTTCCCCTAT","CGGGCTGACTTCAGAGGCCCTTGGACAGCAGCATGCAAAGTGGACATCTT","","","C1orf130","NM_001010980","5'UTR","","","TRUE","","","","TRUE"
"cg04444949",-0.671420539479625,"chr1",11795746,"-","cg04444949","68682384","","ACCCTACAACAAATCTTAAACAATACTAATTTAACAACAATCCCAATAAC","","II","","","rs17875907",0.016228,NA,NA,NA,NA,"chr1:11795975-11796263","N_Shore","CCATGGCAATAACCCTACAGCAAGTCTTGAACAGTACTGGTTTAACAACAGTCCCAATAA[CG]TTTTCTTTAACAACAGCAGTTAGCTCATTTAATCCTCATAAGGATCATATGAGGTAGGTA","CCCTACAGCAAGTCTTGAACAGTACTGGTTTAACAACAGTCCCAATAACG","","","AGTRAP;AGTRAP;AGTRAP;AGTRAP;AGTRAP","NM_001040194;NM_001040197;NM_001040195;NM_001040196;NM_020350","TSS1500;TSS1500;TSS1500;TSS1500;TSS1500","","","","","1:11795708-11797356","Promoter_Associated",""
"cg04818845",0.671270773303769,"chr1",6580167,"-","cg04818845","17698357","","CAAATAAACCTCAAAACATTAAAAAAACCCAAACCAATCTACAAAACACC","","II","","",NA,NA,NA,NA,NA,NA,"","OpenSea","CAGCGGGAGATCAAGTGAGCCTCAAAACATTAGAAAAACCCAAGCCAGTCTGCAGAGCAC[CG]CAGCCGCCTCAGGGCCGGTTACCATAGCTACCCTTGGCTTCCCAGCCCAGCACATGTCTG","AAGTGAGCCTCAAAACATTAGAAAAACCCAAGCCAGTCTGCAGAGCACCG","","TRUE","PLEKHG5","NM_198681","TSS200","","","TRUE","","","",""
"cg04886857",0.67073753824315,"chr1",13914270,"+","cg04886857","15604332","","TTATTTTCCTACCTTAAATAAAATTAACAAAATTCCAATTATTCCCTACC","","II","","",NA,NA,NA,NA,NA,NA,"chr1:13910137-13910868","S_Shelf","CTGGGCAAGAGATACAGCTCCGTGATTAGGCATTTTATCTGGGGCTGTGAGCTAGAGCCC[CG]GTAGGGAATAACTGGAATTCTGCCAATTCCATCCAAGGCAGGAAAACAAGGTGACTGTTT","TGTTTTCCTGCCTTGGATGGAATTGGCAGAATTCCAGTTATTCCCTACCG","","","PDPN;PDPN;PDPN;PDPN","NM_001006624;NM_006474;NM_001006625;NM_198389","5'UTR;Body;5'UTR;Body","","","","","","",""
"cg05228408",0.670679922715034,"chr1",11865352,"-","cg05228408","39744344","","TAAAATATCCCCAAAATTTAACACACRATAATAACCAACATTCACTAAAC","","II","","","rs45504095",0.018265,NA,NA,NA,NA,"chr1:11865462-11866566","N_Shore","GGTGTCCTGCCTGGGGTATCCCCAGAGTTTGGCACACGGTGATAGCCAACATTCACTGAG[CG]CCAAAGGGCCAGGTGCTGCCACTCTCTCAAAATAAGCCTCTGCCACTTACTGAACAACTA","GGGGTATCCCCAGAGTTTGGCACACGGTGATAGCCAACATTCACTGAGCG","","TRUE","CLCN6;CLCN6;MTHFR;CLCN6;CLCN6","NM_001286;NM_021736;NM_005957;NM_021737;NM_021735","TSS1500;TSS1500;5'UTR;TSS1500;TSS1500","","","","","","",""
"cg07551364",-0.669935606338704,"chr1",27693782,"-","cg07551364","53730314","","TCTAAAAACATCAAAATACRCAAAACATAATAAACAATAAATATCCTCCC","","II","","",NA,NA,NA,NA,NA,NA,"chr1:27692412-27693243","S_Shore","ATGAATGGCTCTCTAGAGACATCAGGGTGCGCAGAGCATGATGAACAATGGGTGTCCTCC[CG]GGCCCAGTGAGCGCAGGCAGGGAGGGACTGGGATGGGGGAAACCTACACCCTAGGCCGCT","CTAGAGACATCAGGGTGCGCAGAGCATGATGAACAATGGGTGTCCTCCCG","","","MAP3K6","NM_004672","TSS1500","","","","","1:27692972-27694160","Promoter_Associated",""
"cg08876103",0.669810264423475,"chr1",39572323,"-","cg08876103","46641379","","ATTTTCCCAAAAACRACACAAACAACACTTTTCCCCATTTTATTCAACTC","","II","","",NA,NA,NA,NA,NA,NA,"chr1:39570665-39571859","S_Shore","CAGACGGGGAGATTTTCCCAGAAACGACACAGGCAGCACTTTTCCCCATTTTATTCAGCT[CG]GGCCCTTGTGACTAGGCCCTTAGTTTCTTTTTATCTGAAGGAGAGGAAACTTCAGCCCCT","TTTTCCCAGAAACGACACAGGCAGCACTTTTCCCCATTTTATTCAGCTCG","","","MACF1","NM_012090","Body","","","","","1:39570588-39572491","Unclassified","TRUE"
"cg10040748",0.66957388515994,"chr1",211431567,"-","cg10040748","25662378","","TCTACATACTAAAAACTCACAATTAAATCCTCACTTATTTCTACTTATTC","","II","","",NA,NA,NA,NA,NA,NA,"chr1:211432105-211434134","N_Shore","CTCAGCATACATCTGCATACTAGAGGCTCACAGTTAAATCCTCACTTATTTCTACTTATT[CG]TCAGTGGGGGGGAAGAAATCAGAAAAAGAGGAAAAGAAAATCATAAACAGCCCCCAATGC","CTGCATACTAGAGGCTCACAGTTAAATCCTCACTTATTTCTACTTATTCG","","","RCOR3;RCOR3;RCOR3","NM_001136225;NM_001136224;NM_001136223","TSS1500;TSS1500;TSS1500","","","","","","",""
"cg10628205",0.669514604218009,"chr1",61547131,"+","cg10628205","66687426","","ATTCTAATCCACAAACRCRTACCCAAAACTAAACATAAACTATCATTACC","","II","","",NA,NA,NA,NA,NA,NA,"chr1:61548753-61549564","N_Shore","GGGGAGGGAAAAAAGGGATTCTTAAAAGGCACCCTTCCAGAGGTGTCCCAGAAACTGGGA[CG]GTAATGATAGCCTATGTCCAGTTCTGGGCACGCGTTTGTGGATCAGAATATCTCCCTTCC","CGGTAATGATAGCCTATGTCCAGTTCTGGGCACGCGTTTGTGGATCAGAA","","","NFIA;NFIA;NFIA;NFIA","NM_001145511;NM_005595;NM_001134673;NM_001145512","Body;TSS1500;TSS1500;TSS1500","","","","","","",""
"cg12426870",0.669416913963113,"chr1",59282482,"-","cg12426870","70724394","","CCAAAATTAAACTACCTTCCACTCAACAATCCCATTACTAAATCTATACC","","II","","",NA,NA,NA,NA,NA,NA,"chr1:59280240-59280490","S_Shore","TCTAAAAGTACCCAGAGTTGAACTACCTTCCACTCAGCAATCCCATTACTGGGTCTGTAC[CG]AAAGAAAAATAAGTGGTTCTTCCAGAAAGACACATGAATCCCTATGTTCATCGAAGTGCT","CGGTACAGACCCAGTAATGGGATTGCTGAGTGGAAGGTAGTTCAACTCTG","","","","","","","","","","1:59280679-59282633","Promoter_Associated",""
"cg13390284",0.669069174829012,"chr1",65531864,"-","cg13390284","38618423","","AACAAAAATAAACACAAATATAATCTTTCTCCAAAAAAATAACAACTAAC","","II","","",NA,NA,NA,NA,NA,NA,"chr1:65532161-65533212","N_Shore","CTCTCCTTCAAAGCAGGGATAAGCACAGGTGTGGTCTTTCTCCAGGAAGGTGGCAGCTGG[CG]TGCGGGTAGCAGAGTGAGGGAAAGAATTCCTCGCACAGGAAGGCAGGGAGAAGCCCTGGG","CGCCAGCTGCCACCTTCCTGGAGAAAGACCACACCTGTGCTTATCCCTGC","","","","","","","","","","","",""
"cg15482882",0.668346183465189,"chr1",41981789,"-","cg15482882","47759430","","TAAACACTCAATACATAAATACTAAAAACCAAAAATCCCCTACCCAACTC","","II","","",NA,NA,NA,NA,NA,NA,"chr1:41981788-41982043","Island","ATGGCCCGTCCTGGGCACTCAGTGCATGAATGCTGGAAGCCAAGAGTCCCCTGCCCAGCT[CG]GGGCTGGCCGGGGCCTCCACATCTGCGTTCCTGCAGGGCGCTGAGGGAATGCCCCTGGCT","GGGCACTCAGTGCATGAATGCTGGAAGCCAAGAGTCCCCTGCCCAGCTCG","","","HIVEP3;HIVEP3","NM_024503;NM_001127714","Body;Body","","","TRUE","","1:41981453-41983086","Unclassified",""
"cg15527643",0.667982706263158,"chr1",11795946,"+","cg15527643","34809356","","AAATTTCTATCRCCCAAAACRTATCCTACCTAACTAATATTCCAAAAAAC","","II","","",NA,NA,NA,NA,NA,NA,"chr1:11795975-11796263","N_Shore","TCAGCACTTTGCGCCTGGACGGTCCCCCAGTTGTCCTGGCTGCAGGCAGTCCGAACAGTC[CG]CTTCCTGGAATATTAGCCAGGCAGGATACGCCCTGGGCGACAGAAACTCCAACTTTCGCC","AGTTTCTGTCGCCCAGGGCGTATCCTGCCTGGCTAATATTCCAGGAAGCG","","","AGTRAP;AGTRAP;AGTRAP;AGTRAP;AGTRAP","NM_001040194;NM_001040195;NM_001040197;NM_020350;NM_001040196","TSS200;TSS200;TSS200;TSS200;TSS200","","","","","1:11795708-11797356","Promoter_Associated",""
"cg17904988",0.667807678493125,"chr1",161168451,"-","cg17904988","41614372","","AACCTATCTAAAACATAACACTAATACTACAACTAAAAAAAACTAAAACC","","II","","",NA,NA,NA,NA,NA,NA,"chr1:161171809-161172256","N_Shelf","CCCGGGATGCGAGCCTGTCTGGGACATGGCACTGGTACTGCAGCTGGGAGGGACTGAGGC[CG]TCTAGGGCACCAAGTCCTCCACACCCTAGCTTTGGAAAGCTCCTCTCTGTAGCCTGGGGG","CGGCCTCAGTCCCTCCCAGCTGCAGTACCAGTGCCATGTCCCAGACAGGC","","","NDUFS2;ADAMTS4;ADAMTS4","NM_004550;NM_005099;NM_005099","TSS1500;1stExon;5'UTR","","","TRUE","","","","TRUE"
"cg20144984",0.667556935755468,"chr1",38604476,"+","cg20144984","31706496","","ACCCTCAAATAACACCAAAAAACAATCAAAAAAAACTCTAAAAATAACCC","","II","","",NA,NA,NA,NA,NA,NA,"","OpenSea","ACAGGAGCTTAGCTCCGGCCTGAGTGGCAGAGGCAGCCACCCAGCCAGCACTGGGAATGC[CG]GGCCACTCTCAGAGCTTCCTCTGACTGTCTCTTGGTGTCATCTGAGGGCCAAACCCCTCA","CGGGCCACTCTCAGAGCTTCCTCTGACTGTCTCTTGGTGTCATCTGAGGG","","","","","","","","TRUE","","1:38603694-38604743","Unclassified_Cell_type_specific","TRUE"
"cg20651453",0.667385891671932,"chr1",27693398,"-","cg20651453","27742417","","RACAACTCAAAACCACTTAAAAAATCCTAAAAATCRACTCRAAAATACCC","","II","","",NA,NA,NA,NA,NA,NA,"chr1:27692412-27693243","S_Shore","ATCCGGTGATCGGCAGCTCAGAGCCACTTGGGGGATCCTGGGAATCGGCTCGGAGGTGCC[CG]CCACCTGGACTTCTCAAGGGAGCGCCCGCCAACGCTGCCCTGCCTTCACTTGTAGGCTAA","CGGGCACCTCCGAGCCGATTCCCAGGATCCCCCAAGTGGCTCTGAGCTGC","","TRUE","MAP3K6","NM_004672","TSS200","","","","1:27564630-27566066","1:27692972-27694160","Promoter_Associated",""
"cg24298421",0.667348597745853,"chr1",10856943,"+","cg24298421","73774430","","TAAAAACCTCTAAACCTACAAAAAAAAACCRAACRCTCAAATACTCCTCC","","II","","",NA,NA,NA,NA,NA,NA,"chr1:10853894-10856964","Island","CCTTCCCACCCACCGCCCGGGCTGAGCTCAGCGTGTGCGCGCGGCGAGTCGCACGGCCTG[CG]GAGGAGCATCTGAGCGCTCGGCCCCCTTTTGCAGGTCCAGAGGCTTCTACACCCCCCCCC","AGAAGCCTCTGGACCTGCAAAAGGGGGCCGAGCGCTCAGATGCTCCTCCG","","","CASZ1;CASZ1","NM_001079843;NM_017766","TSS1500;TSS1500","","","","1:10777432-10779531","1:10855836-10856948","Unclassified_Cell_type_specific",""
"cg02541582",0.666884249896746,"chr2",64069798,"+","cg02541582","67676431","","CTTCRAACTACTCCCAATTTCRCAATAAATAAATCTAAAACRCAAACCAC","","II","","",NA,NA,NA,NA,NA,NA,"chr2:64067892-64068906","S_Shore","GTTTTGCCGGGACTGTTGGGGAAGCTTTAGTGTTCTCCGCTTCTACTTCGTTTGTGTGTA[CG]TGGTTTGCGTCTCAGATTCACTTATTGCGAAACTGGGAGTAGCCCGAAGAAGCTGGAGGT","CGTGGTTTGCGTCTCAGATTCACTTATTGCGAAACTGGGAGTAGCCCGAA","","","UGP2;UGP2","NM_006759;NM_001001521","Body;5'UTR","","","","2:63923186-63923312","","",""
"cg11644052",0.666599896020351,"chr2",69665132,"+","cg11644052","20713307","","AATAAACTTTAACACTCTACCCTAAAAACTAATCAAATCTCATATTAATC","","II","","",NA,NA,NA,NA,NA,NA,"chr2:69664291-69664816","S_Shore","ACTTGGTCATCTTGGACCAACCCGCACAGAGGATGTATCTGGTACAGTGCTGCCCTTCTC[CG]ATTAACATGAGACTTGACTAGTTTCCAGGGCAGAGTGCCAAAGCCCATTACCTATTCTTC","ATGGGCTTTGGCACTCTGCCCTGGAAACTAGTCAAGTCTCATGTTAATCG","","","NFU1;NFU1;NFU1;NFU1","NM_015700;NM_001002755;NM_001002757;NM_001002756","TSS1500;TSS1500;TSS1500;TSS1500","","","","","2:69663537-69665399","Promoter_Associated",""
"cg11919558",0.666508238641935,"chr2",64872351,"-","cg11919558","41725349","","TAAATCAAACCAATCTCCTATACTCCAACRATATTCTAAACCTATAACCC","","II","","",NA,NA,NA,NA,NA,NA,"","OpenSea","AAGCCAGTCACTAGATCAAGCCAGTCTCCTGTGCTCCAGCGATATTCTGAACCTGTAACC[CG]ATACCACTGTTTGCTGCCGGCGCCTCCTCCGGGCTCTCCCGCTGCGCACCGGCCGCGCGG","CGGGTTACAGGTTCAGAATATCGCTGGAGCACAGGAGACTGGCTTGATCT","","","SERTAD2","NM_014755","5'UTR","","","","2:64725855-64725933","2:64872150-64872820","Promoter_Associated","TRUE"
"cg15736127",0.666173727872198,"chr2",157292127,"-","cg15736127","60602333","","TAAAACTTAAACTTAATCTTCCCTACRAATCCCTACRCTAACATTCAAAC","","II","","",NA,NA,NA,NA,NA,NA,"chr2:157292102-157292646","Island","ATTCCACCCCCTGGAGCTTGGGCTTGGTCTTCCCTGCGGGTCCCTGCGCTGACATTCAGG[CG]GGGAGCCAGGAGGCCTGGCGCGCCTCCAGAGCCCGCCGGGGGAGCCGGGCGAGGGTTCTG","GGAGCTTGGGCTTGGTCTTCCCTGCGGGTCCCTGCGCTGACATTCAGGCG","","","GPD2;GPD2;GPD2","NM_001083112;NM_000408;NM_001083112","1stExon;TSS1500;5'UTR","low-CpG:157000206-157000428","","","","2:157291700-157293667","Promoter_Associated","TRUE"
"cg17952719",0.665946761696723,"chr2",28612965,"-","cg17952719","63799500","","CAAAAAAAAAACACTTAAAAACTAAATTCTCTATATAACAAACACAATTC","","II","","",NA,NA,NA,NA,NA,NA,"chr2:28612964-28616748","Island","GAATGATTTCCCAAGGAGAGGGCACTTGGAGACTGAATTCTCTGTATGGCAGGCACAGTT[CG]CTGAGGCACTCGCTCAACCGGGGGAGGTCAGTCCCGCAGCAGCACCAGGGCACAGCGCTG","AAGGAGAGGGCACTTGGAGACTGAATTCTCTGTATGGCAGGCACAGTTCG","","","","","","","","","","2:28612648-28614902","Promoter_Associated",""
"cg22033586",0.665840521630199,"chr2",157292113,"-","cg22033586","31720322","","AACATTCCACCCCCTAAAACTTAAACTTAATCTTCCCTACRAATCCCTAC","","II","","",NA,NA,NA,NA,NA,NA,"chr2:157292102-157292646","Island","AACCTGTGCTCAGCATTCCACCCCCTGGAGCTTGGGCTTGGTCTTCCCTGCGGGTCCCTG[CG]CTGACATTCAGGCGGGGAGCCAGGAGGCCTGGCGCGCCTCCAGAGCCCGCCGGGGGAGCC","CGCAGGGACCCGCAGGGAAGACCAAGCCCAAGCTCCAGGGGGTGGAATGC","","","GPD2;GPD2;GPD2","NM_001083112;NM_000408;NM_001083112","1stExon;TSS1500;5'UTR","low-CpG:157000206-157000428","","","","2:157291700-157293667","Promoter_Associated","TRUE"
"cg23325384",0.665502536634041,"chr2",223724754,"-","cg23325384","59720428","","AAACTCTCTTTACTTAATACATCATCRCTCCACCTAATTCAAATTCTAAC","","II","","",NA,NA,NA,NA,NA,NA,"chr2:223725558-223726423","N_Shore","CCACGGTGAGTGAGCTCTCTTTGCTTGGTGCATCATCGCTCCACCTAGTTCAAGTTCTGG[CG]GCTTCCTGATTTTGATTCTCTTGGGAAATGAGGCCTGCTTTAGCCTGAGGCTGGCTCAGG","CGCCAGAACTTGAACTAGGTGGAGCGATGATGCACCAAGCAAAGAGAGCT","","","ACSL3;ACSL3","NM_203372;NM_004457","TSS1500;TSS1500","","","","","","","TRUE"
"cg23417875",-0.665468880654215,"chr2",102313069,"+","cg23417875","11756354","","CAAAACRTAAATACTTCAAACAAAATACCAATTACCTAACCCTACCTCCC","","II","","",NA,NA,NA,NA,NA,NA,"chr2:102313549-102314478","N_Shore","CACTGAGAACTTACACATGCACATTCTCAGGCCCATTGCAGACCTCCTGAAACGAGAACT[CG]GGAGGCAGGGCCAGGCAATTGGCACTTTGCCTGAAGCACTCACGTTTTGAGAACACCTGT","CGGGAGGCAGGGCCAGGCAATTGGCACTTTGCCTGAAGCACTCACGTTTT","","","MAP4K4;MAP4K4;MAP4K4","NM_145687;NM_145686;NM_004834","TSS1500;TSS1500;TSS1500","","","","2:101679493-101679596","","",""
"cg00207352",0.665400499500931,"chr3",48470181,"+","cg00207352","74684424","","RAATAAAAAAAACCCTCCTCTCCACACACAAACATATTAAATAAATAATC","","II","","",NA,NA,NA,NA,NA,NA,"chr3:48470230-48471389","N_Shore","TGAGGAGGGGTGGGGAGATCCACCATTTACCAGGCACCTGCGATGACCCAAGGCGCTCAT[CG]ATCACCCACTTAATATGTCTGTGTGTGGAGAGGAGGGTCCCCCCCACCCGCCCGGGGGTC","GGTGGGGGGGACCCTCCTCTCCACACACAGACATATTAAGTGGGTGATCG","","","PLXNB1;PLXNB1","NM_001130082;NM_002673","5'UTR;5'UTR","","","","","","",""
"cg01564818",0.665285752885624,"chr3",9464436,"+","cg01564818","11625480","","CTCAACCAAAAAACAATCTCTAATCAACTCTCTCCATAAACCAACAAAAC","","II","","",NA,NA,NA,NA,NA,NA,"","OpenSea","TATATACTGTGTTCACTTTATGTTTTGTCAGACACTGAAATTGAGGAAGAGAGATTTTGG[CG]TTCTGTTGGTTTATGGAGAGAGTTGATCAGAGATTGCTCCTTGGCTGAGTTGCTGTCTGC","TCAGCCAAGGAGCAATCTCTGATCAACTCTCTCCATAAACCAACAGAACG","","","SETD5","NM_001080517","5'UTR","","","TRUE","","","","TRUE"
"cg02497019",0.665023156632206,"chr3",49171343,"-","cg02497019","54765470","","CTAAAAAAAACATAAAATCCTCCRATCTTTAAAACTAAATCTAACCTACC","","II","","",NA,NA,NA,NA,NA,NA,"","OpenSea","GGAACGGGAAGCTGGGGGAAACATGGGGTCCTCCGGTCTTTAGGGCTGGGTCTGGCCTGC[CG]CCTCCACAGTCCCGGCAGGGAGTGCCCTGAGCTGCCATCCAGGGAAGAAAGCTGATGATA","CGGCAGGCCAGACCCAGCCCTAAAGACCGGAGGACCCCATGTTTCCCCCA","","","LAMB2","NM_002292","TSS1500","","","","","","",""
"cg05980782",0.664801715707864,"chr3",101567801,"+","cg05980782","73726349","","TTAACCCAATTAAAACATCTCTAAAAAATTCTTAAAAACCTATCTCCTCC","","II","","",NA,NA,NA,NA,NA,NA,"chr3:101568107-101569046","N_Shore","GATGTTGCCTAAAACCGTCGACAAACGCTATGTTTGAGAAGGGAGGCTACGCTGGGGCGC[CG]GAGGAGACAGGCCCTTAAGAACCTTCCAGAGATGCCTTAACTGGGCTAACAGCTCGCCGC","TAGCCCAGTTAAGGCATCTCTGGAAGGTTCTTAAGGGCCTGTCTCCTCCG","","","NFKBIZ;NFKBIZ","NM_001005474;NM_031419","5'UTR;TSS1500","","","","3:103050480-103051716","","",""
"cg06066452",0.664701453407559,"chr3",48470258,"+","cg06066452","19808451","","CTCAATAATAACAACCCTTTCTAACTACTCCCRATAAAACTAACAAAAAC","","II","","",NA,NA,NA,NA,NA,NA,"chr3:48470230-48471389","Island","TGTCTGTGTGTGGAGAGGAGGGTCCCCCCCACCCGCCCGGGGGTCAGGAGGCTCGAGGTC[CG]CCTTTGTCAGTCCCACCGGGAGCAGCCAGAAAGGGCTGTTACTACTGAGGGGAAGCCCCG","CGCCTTTGTCAGTCCCACCGGGAGCAGCCAGAAAGGGCTGTTACTACTGA","","","PLXNB1;PLXNB1","NM_001130082;NM_002673","5'UTR;5'UTR","","","","3:48445235-48446362","3:48470226-48471835","Unclassified",""
"cg07705835",0.66440293767832,"chr3",9959128,"+","cg07705835","58646357","","ACCAAACTAAAACTTTACTAAACCAAAAACTAAACCCTAAACCTTTCCTC","","II","","",NA,NA,NA,NA,NA,NA,"chr3:9956822-9957664","S_Shore","GCTTGTGGGGCCTCAGGACGCTACCCACTGCTCTCCGGTGAGTCTGGAACCCTGGGGAGA[CG]AGGAAAGGCTCAGGGTTCAGTTTTTGGCTCAGCAAAGCCTTAGCCTGGCTCCTGTCACTG","CGAGGAAAGGCTCAGGGTTCAGTTTTTGGCTCAGCAAAGCCTTAGCCTGG","","TRUE","IL17RC;IL17RC;IL17RC","NM_153460;NM_153461;NM_032732","Body;1stExon;Body","","","","","","",""
"cg12030667",0.664276754386583,"chr3",48471659,"-","cg12030667","15646414","","CCCCCCAACCTATTTACTCACCAATAAATAAAAATAATCCCACCTCTAAC","","II","","",NA,NA,NA,NA,NA,NA,"chr3:48470230-48471389","S_Shore","TGACACCAACCCCCCCCAGCCTATTTGCTCACCAGTAAGTGGGGGTGATCCCACCTCTAG[CG]GGGCTGTGAAGGCAGGGAACCTGGGCTGCAGAGGCGCACAAGCAAGGGCTCACTTCCTTC","CCCCCAGCCTATTTGCTCACCAGTAAGTGGGGGTGATCCCACCTCTAGCG","","","PLXNB1;PLXNB1","NM_002673;NM_001130082","TSS1500;TSS200","","","","","3:48470226-48471835","Unclassified",""
"cg12487088",-0.664006673506829,"chr3",9958686,"+","cg12487088","67630400","","CCACCAACACCAAACTTAAAAACCAACAACCTTAAACTAAAATAATAACC","","II","","",NA,NA,NA,NA,NA,NA,"chr3:9956822-9957664","S_Shore","AGGGGCCCCTCCCAGCCAGGTGTCAGCAGAGGGAGAGGAGAGCCAAAGAAGGAGGAGGTG[CG]GCCACCACCCTAGTCCAAGGCTGCTGGCTCCCAAGCCTGGTGTTGGTGGGAGGGACAGAG","CGGCCACCACCCTAGTCCAAGGCTGCTGGCTCCCAAGCCTGGTGTTGGTG","","","IL17RC;IL17RC;IL17RC","NM_032732;NM_153461;NM_153460","TSS200;TSS200;TSS200","","","","","3:9958471-9958846","Unclassified_Cell_type_specific",""
"cg14099457",0.663890154888122,"chr3",49170794,"-","cg14099457","10617487","","AAAAACAAATAAAAAATCTTCRAAATCTCCAACTCTAAACCAAAAAAACC","","II","","",NA,NA,NA,NA,NA,NA,"","OpenSea","GGGGGCATGGCAGGAGCAAATGAGAGATCTTCGGGATCTCCAACTCTGGACCAAGGAGAC[CG]TAGCCTTTTCCCCTCAGCGTCATGGGCGCCGTGGAAATTACCATCAACTCAGCCGTTTGA","CGGTCTCCTTGGTCCAGAGTTGGAGATCCCGAAGATCTCTCATTTGCTCC","","","LAMB2","NM_002292","TSS200","","","","3:49145500-49145830","3:49170352-49170938","Unclassified",""
"cg19599666",-0.663767737529438,"chr3",187871024,"+","cg19599666","54732484","","AATAACTTATACAAAATCRTCACTCAACAAATCRAAAAACRAACCCAAAC","","II","","",NA,NA,NA,NA,NA,NA,"chr3:187871478-187872354","N_Shore","TCAGGGCTAAAAGGGAGCCAGGGCCCTTCCTGGAGGCGGGAACCCAAGTGGGAGGCAGAG[CG]CCTGGGCCCGCTCCTCGATCTGCTGAGTGACGACCCTGTACAAGTCATTTCTCTTCCGAG","CGCCTGGGCCCGCTCCTCGATCTGCTGAGTGACGACCCTGTACAAGTCAT","","","LPP","NM_001167672","TSS1500","low-CpG:189353537-189353732","RDMR","","3:189353455-189355033","","",""
"cg22585927",0.662536011883676,"chr3",9958613,"-","cg22585927","16786452","","TAAAACTCCRAAAATAAATAAAAACTCCCTTACTCAACCRTAATACATTC","","II","","","rs7620331",0.025195,NA,NA,NA,NA,"chr3:9956822-9957664","S_Shore","TGTGTCCTCCTTAGGGCTCCGGGGGTGAGTAAGAGCTCCCTTACTCAGCCGTGATGCATT[CG]CTGTCTTCTTCAGGGGCCCCTCCCAGCCAGGTGTCAGCAGAGGGAGAGGAGAGCCAAAGA","AGGGCTCCGGGGGTGAGTAAGAGCTCCCTTACTCAGCCGTGATGCATTCG","","","IL17RC;IL17RC;IL17RC","NM_032732;NM_153461;NM_153460","TSS200;TSS200;TSS200","","","","","3:9958471-9958846","Unclassified_Cell_type_specific",""
"cg23489627",0.662501610442356,"chr3",73674339,"-","cg23489627","54631358","","RCCAACCTAAATCTTCTCRAAAAACTCCTTTCTATTCTCTTACAATCTAC","","II","","","rs80342726",0.016493,NA,NA,NA,NA,"chr3:73673230-73674375","Island","CAGCCCAGGACGCCAGCCTGAATCTTCTCGGGAAACTCCTTTCTGTTCTCTTACAGTCTA[CG]CTATAGGAGACAAAACGCCAGCCGAGAAAAGCTCGCTGAGTTTGGAGCTGAGGCTACTGC","CCAGCCTGAATCTTCTCGGGAAACTCCTTTCTGTTCTCTTACAGTCTACG","","","PDZRN3","NM_015009","TSS1500","","","","3:73755921-73757128","","","TRUE"
"cg25492569",0.662312861544396,"chr3",46608025,"-","cg25492569","12806403","","CTATCTACAACCTCCTACCCAAAACCAAACATTTTCACACTAAAAATCCC","","II","","",NA,NA,NA,NA,NA,NA,"chr3:46607346-46607806","S_Shore","CGGCCCAGGGACTATCTGCAGCCTCCTACCCAGGGCCAGACATTTTCACACTGGAGATCC[CG]GAGGGTGTGGAATGGAAGGGAGCTGGTTCCGAGTGCTCAGCACGCTAAGCTGGGAACCCA","CGGGATCTCCAGTGTGAAAATGTCTGGCCCTGGGTAGGAGGCTGCAGATA","","","LRRC2;LRRC2","NM_024750;NM_024512","5'UTR;TSS200","","","","3:46582918-46583098","3:46607260-46608065","Unclassified_Cell_type_specific","TRUE"
"cg02481307",0.662076489999852,"chr4",1858883,"+","cg02481307","52654333","","ATCAAAACCRACTATTAAACTAAACTAAAAAAAAACTCCTAAAAAACRAC","","II","","",NA,NA,NA,NA,NA,NA,"chr4:1857065-1858887","Island","CCTGGCTCGAAGTCTCCAGAATTCCCGCCAGAGCTGGGCTGGGCTCGCGGACCGCTCATG[CG]CCGTCTCCCAGGAGCCTCCCCCCAGCCCAGTTTAATAGCCGGCCCTGACCAGTCCAGGGG","CGCCGTCTCCCAGGAGCCTCCCCCCAGCCCAGTTTAATAGCCGGCCCTGA","","","LETM1","NM_012318","TSS1500","","DMR","","","","",""
"cg05890019",0.661982183149511,"chr4",85886830,"-","cg05890019","69753474","","CTAAAACATCTCTAACTCCTTCCATAATCRAAAAACTTCCAACRTAAAAC","","II","","",NA,NA,NA,NA,NA,NA,"chr4:85886808-85887777","Island","GTACAAGAGAACTGGAGCATCTCTGGCTCCTTCCATAATCGAAGGGCTTCCAGCGTAGGG[CG]TAGGGGGAGAGGCCCGAAGCCCTGGAGACAGCGCCCGAGGGATGGAGGCCGCGCTCGGCT","CGCCCTACGCTGGAAGCCCTTCGATTATGGAAGGAGCCAGAGATGCTCCA","","TRUE","WDFY3;C4orf12","NM_014991;NR_015359","5'UTR;TSS1500","","","","4:86105833-86107410","","",""
"cg11469321",-0.661948309993935,"chr4",104021294,"+","cg11469321","56649304","","TTTCAATAACCTAAATTCCCTCTATTTTATTACTCTACTATCTTCCACAC","","II","","",NA,NA,NA,NA,NA,NA,"","OpenSea","TTTGTTTATGCCTACTATATGCGGTGCCAGGGTAGACGAGATTGGCTGAGCTGGAAACTG[CG]TGTGGAAGATAGCAGAGCAACAAAATAGAGGGAACCCAGGTCACTGAAAATTCTGGAGCC","TTCAGTGACCTGGGTTCCCTCTATTTTGTTGCTCTGCTATCTTCCACACG","","TRUE","BDH2","NM_020139","TSS1500","","","","","4:104020653-104021340","Promoter_Associated",""
"cg22447511",0.661911977829136,"chr5",179085626,"+","cg22447511","57601362","","AAACAAAACTACRTATACCTTCACCCTCTAATCAAACAATTCCACTTCAC","","II","","",NA,NA,NA,NA,NA,NA,"chr5:179084875-179085338","S_Shore","GCGCCTTATGTCAGGGCTATTTATGACAGAGGGAAATCGGTGCGTGTTTGAGATACATTC[CG]TGAAGTGGAATTGCCTGATCAGAGGGTGAAGGCACACGCAGTTTTGCTCCCCGTAGGAAT","AGCAAAACTGCGTGTGCCTTCACCCTCTGATCAGGCAATTCCACTTCACG","","","","","","","","","5:179017358-179018233","5:179084759-179085869","Unclassified",""
"cg01152408",-0.66187738952081,"chr6",41496060,"+","cg01152408","73784395","","ATAAAACCRACTATAACAAAAAAACCTCAAACTCCTCTTTAAAAATCCCC","","II","","",NA,NA,NA,NA,NA,NA,"","OpenSea","TCTCAAGCTGACATTGCTGCAGGCGCCTTCTTGGCAGCCTTTCCTCAGATCTGCCTCCTC[CG]GGGACTTCTAAAGAGGAGCCTGAGGTTTCTCTGTTACAGCCGGCTTCACTTGCTGCCCTC","CGGGGACTTCTAAAGAGGAGCCTGAGGTTTCTCTGTTACAGCCGGCTTCA","","","","","","","","TRUE","","","",""
"cg01471293",0.661724825660212,"chr6",33265322,"+","cg01471293","56704457","","AAAAAAATCCTAAAAAAAACTAATTCTCTAAACTAATATAATCCTTAACC","","II","","",NA,NA,NA,NA,NA,NA,"chr6:33266302-33267582","N_Shore","GGCAGCGACTAGGGGTAGCTGAAACCTCAGTCCAGGCACTGCCGCATGCCCCGCCCCTCC[CG]GCCAAGGACTATACCAGCCCAGAGAATTAGTCTTTTTCAGGACCCCTTTCACCCTGGTCC","CGGCCAAGGACTATACCAGCCCAGAGAATTAGTCTTTTTCAGGACCCCTT","","","RGL2;RGL2","NR_028387;NM_004761","Body;Body","","","","","6:33265294-33265530","Unclassified_Cell_type_specific",""
"cg02934347",0.661521604374371,"chr6",17393628,"-","cg02934347","52678315","","TCTTTACAATACTACCTCATACACTAAATCCATTTCTCRCATAACCTAAC","","II","","",NA,NA,NA,NA,NA,NA,"","OpenSea","CTTTCCAGACTTCTTTGCAATACTGCCTCATGCACTGAATCCATTTCTCGCATAGCCTGG[CG]CTTGGCAGGCAGGCTGGCGTTCCCTGGCTCTGCCTTCCCCATCTCCCTGTCTTTTCTCCC","CGCCAGGCTATGCGAGAAATGGATTCAGTGCATGAGGCAGTATTGCAAAG","","","CAP2","NM_006366","TSS200","","","","","","","TRUE"
"cg06633162",0.661473658299197,"chr6",158481402,"+","cg06633162","49607420","","ACATAAAAACTAATAAAAAAACCAAAAACCCCCTTAACTCATTCTAAAAC","","II","","",NA,NA,NA,NA,NA,NA,"","OpenSea","CCATCCCTGTGCATGGATCCCAGGCCTCCAGCCCCCGCCCCCTGCTCCCCAGGCGCAAGA[CG]TTCCAGAATGAGCCAAGGGGGCTCCTGGTTCCTTTACCAGCCTCCATGTCCCCTGCCTAA","CATGGAGGCTGGTAAAGGAACCAGGAGCCCCCTTGGCTCATTCTGGAACG","","","SYNJ2","NM_003898","Body","","","TRUE","","","","TRUE"
"cg19456997",0.661471432686853,"chr6",31090929,"-","cg19456997","29716351","","CAAACTAAAAAAAACACAATCTCTCCTAACCTCCTACCAAATCTCCAACC","","II","","",NA,NA,NA,NA,NA,NA,"","OpenSea","GCCAAGACAGCCAGGCTGGAGGAGGCACAGTCTCTCCTGGCCTCCTGCCAGGTCTCCAGC[CG]CCCACGTGGACTGGCGGTGCAGCCACGTCCCTCCTCCTGGCTACTCTCTCCTGTCCACTC","AGGCTGGAGGAGGCACAGTCTCTCCTGGCCTCCTGCCAGGTCTCCAGCCG","","","PSORS1C1","NM_014068","5'UTR","","","TRUE","","","","TRUE"
"cg21182407",0.66137965006091,"chr6",3119541,"-","cg21182407","56722498","","AATAATCTCTTCTTTCTCTTATATCAAAAATCAACCTAAACCTAAATACC","","II","","",NA,NA,NA,NA,NA,NA,"chr6:3118572-3119292","S_Shore","GGCATAAGGACAATAATCTCTTCTTTCTCTTATGTCAGAAATCAGCCTGAGCCTGAGTAC[CG]CTAAGGCTTTAATCACGGGTCCCGAGAGCCCTAAGTCTTCTCTTTGCTTGCTGATCTCGT","CGGTACTCAGGCTCAGGCTGATTTCTGACATAAGAGAAAGAAGAGATTAT","","TRUE","BPHL;BPHL;BPHL;BPHL","NR_026648;NM_004332;NR_026650;NR_026649","Body;Body;Body;Body","","","","","6:3118127-3119807","Promoter_Associated",""
"cg21551549",0.661228385884813,"chr6",155053894,"-","cg21551549","20787405","","AATTCCCTTTTCACCTATTCAAATATTATACATTCTAAAATCCCCTTCCC","","II","","",NA,NA,NA,NA,NA,NA,"chr6:155054186-155055403","N_Shore","CGAAACAGACGGGTTCCCTTTTCACCTATTCAAGTGTTGTGCATTCTAGGGTCCCCTTCC[CG]CCTTGCAGACAAATGCGCTCATTGTGCCACTCCAGTCCCTGGATCCTATGCAGCGGGCAT","CGGGAAGGGGACCCTAGAATGCACAACACTTGAATAGGTGAAAAGGGAAC","","","RBM16","NM_014892","TSS1500","","","","6:155095586-155095700","","",""
"cg22133973",0.661041700475943,"chr6",170789640,"+","cg22133973","59803311","","CACAACAAAAAAACTAAATCTATATAACTCCCTACCACTATATTCCTACC","","II","","",NA,NA,NA,NA,NA,NA,"chr6:170787749-170787985","S_Shore","AGCCCAGGGCCTCTGAGTACCTTGGCGGCTAGCCAGGACTTGGTTCACCCACTTCTAAAA[CG]GCAGGAACACAGTGGCAGGGAGCCACACAGACTCAGTTTCCCTGTTGTGTACCAAGCATG","CGGCAGGAACACAGTGGCAGGGAGCCACACAGACTCAGTTTCCCTGTTGT","","","","","","","","","","6:170789187-170789736","Unclassified_Cell_type_specific",""
"cg25261377",0.660984700000606,"chr6",30313517,"-","cg25261377","23789318","","ATAAAATTCRCAAAAATCTTCCTTCTTCRAATTTAAATTAAATTCCTAAC","","II","","",NA,NA,NA,NA,NA,NA,"chr6:30312837-30313419","S_Shore","GGATGTTGGGTGTGGGATTCGCAGGAGTCTTCCTTCTTCGGGTTTGGATTAAGTTCCTAA[CG]CCACTTGCACAAACTAGGGTTTGGGCTCGGCTGTTTTTTTTTTTTTTCTTCCAGTGTGGG","TGGGATTCGCAGGAGTCTTCCTTCTTCGGGTTTGGATTAAGTTCCTAACG","","","RPP21","NM_024839","Body","","","","","6:30312076-30313675","Promoter_Associated",""
"cg27650171",0.660849349855618,"chr6",30881579,"+","cg27650171","23810477","","ACTCAAAATCCACTTACRACAAAAACTAATTATACAAAACACCTAAAATC","","II","","",NA,NA,NA,NA,NA,NA,"chr6:30881533-30882296","Island","TCCCAATAGGAGCTCCGAGCTTCACTTTCTCGTCTTCTCCCCGCGCCCCTCCCGTCCTGC[CG]ACCCCAGGTGTCCTGTATAACCAGTTCCTGTCGCAAGTGGACTTTGAGCTGCTGCTGGCC","CTCAAAGTCCACTTGCGACAGGAACTGGTTATACAGGACACCTGGGGTCG","","","VARS2;VARS2;VARS2;GTF2H4","NM_001167734;NM_020442;NM_001167733;NM_001517","TSS1500;TSS1500;TSS1500;Body","","","","6:30989539-30989788","6:30881429-30882617","Promoter_Associated",""
"cg02171771",0.660809788328127,"chr7",98424445,"+","cg02171771","52632354","","CAAACCCAATATTATTAAAATATAACAAAACAAAATAACCCCAAATAACC","","II","","",NA,NA,NA,NA,NA,NA,"","OpenSea","GCACAGACTTTCTCCCACCATTGGCCCATCTGCCAGCCTCTTCCTCACCCTCAAGCCTGC[CG]GCCATCTGGGGTCACCTTGTCCTGCCACATTTCAACAACACTGGGCTTGGTGCCCGTCGG","CGGCCATCTGGGGTCACCTTGTCCTGCCACATTTCAACAACACTGGGCTT","","","","","","","","TRUE","","","",""
"cg02542218",0.660698081902895,"chr7",131630566,"+","cg02542218","37678318","","CCTAAATATAACCTAACCTCAAATAAAAACACCATCCAAATAACCCRACC","","II","","",NA,NA,NA,NA,NA,NA,"chr7:131630174-131630496","S_Shore","TCTGCTCCATCTCCGGGAAGCAAAGGGACTTGGGGTGTGGCACAAAGAGCAGGGATGCAG[CG]GCCGGGTCACTTGGATGGTGTCCTCATCTGAGGCCAGGCCACACCTAGGCCTCCCCACAC","CGGCCGGGTCACTTGGATGGTGTCCTCATCTGAGGCCAGGCCACACCTAG","","","","","","","","","","7:131629621-131631100","Unclassified","TRUE"
"cg10661163",0.660522704792555,"chr7",116592959,"-","cg10661163","59745312","","ACCCAAATCTTACTAAATAAAATAATTTATCTTCAAACCTACTAACCRAC","","II","","",NA,NA,NA,NA,NA,NA,"chr7:116593880-116594325","N_Shore","TAGCATCTGCCACCCAAATCTTGCTGAATAGAGTGATTTATCTTCAGGCCTACTAGCCGG[CG]ACAGGAGCGCACCTCCTCCCTTCTCCTAGCTGTCCCGGGTTTATTCATTCCCTGAGCCTG","CGCCGGCTAGTAGGCCTGAAGATAAATCACTCTATTCAGCAAGATTTGGG","","","ST7OT4;ST7OT1;ST7;ST7","NR_002329;NR_002330;NM_021908;NM_018412","TSS1500;Body;TSS1500;TSS1500","","CDMR","","","7:116592906-116594586","Promoter_Associated",""
"cg13278478",0.660256522029001,"chr7",56160911,"+","cg13278478","48680418","","CTCAACATACRTAAAAATCAAAATTACTCCCAAAAAAACAAATACCCTCC","","II","","",NA,NA,NA,NA,NA,NA,"","OpenSea","AGTCTCCCCTCTGGAGCTCCCTTGGCCTCCAGGCCCAGAGAACGTAAATCCAGCCTTGTG[CG]GAGGGCACTTGCTTCTCTGGGAGCAATTTTGATTTCCACGTATGCTGAGAGCACTGCCCT","CGGAGGGCACTTGCTTCTCTGGGAGCAATTTTGATTTCCACGTATGCTGA","","","PHKG1","NM_006213","TSS1500","","","","","","","TRUE"
"cg14896463",0.660138964110468,"chr7",116592956,"-","cg14896463","42650389","","ACCACCCAAATCTTACTAAATAAAATAATTTATCTTCAAACCTACTAACC","","II","","",NA,NA,NA,NA,NA,NA,"chr7:116593880-116594325","N_Shore","AAATAGCATCTGCCACCCAAATCTTGCTGAATAGAGTGATTTATCTTCAGGCCTACTAGC[CG]GCGACAGGAGCGCACCTCCTCCCTTCTCCTAGCTGTCCCGGGTTTATTCATTCCCTGAGC","CCACCCAAATCTTGCTGAATAGAGTGATTTATCTTCAGGCCTACTAGCCG","","","ST7OT4;ST7OT1;ST7;ST7","NR_002329;NR_002330;NM_021908;NM_018412","TSS1500;Body;TSS1500;TSS1500","","CDMR","","","7:116592906-116594586","Promoter_Associated",""
"cg15666071",0.660110340499348,"chr7",56160717,"-","cg15666071","66741381","","TTTAATAACCRAAAACTAACRTACCAAAAATAAATCACAACTACAAACCC","","II","","",NA,NA,NA,NA,NA,NA,"","OpenSea","GGGTTTTGCTATTTGATGACCGGAGGCTAACGTGCCAAAAATAAATCACAACTGCAAACC[CG]GGAGGCAGGCCAAGGCTCCGCAGGGACAGGGCATGGAGCCCAGTCTCCGGGCGGAAGGTG","TTGATGACCGGAGGCTAACGTGCCAAAAATAAATCACAACTGCAAACCCG","","","PHKG1","NM_006213","TSS200","","","","","","","TRUE"
"cg17603988",0.659931394041848,"chr7",56160766,"-","cg17603988","74759418","","CRAAAAACAAACCAAAACTCCRCAAAAACAAAACATAAAACCCAATCTCC","","II","","",NA,NA,NA,NA,NA,NA,"","OpenSea","AACTGCAAACCCGGGAGGCAGGCCAAGGCTCCGCAGGGACAGGGCATGGAGCCCAGTCTC[CG]GGCGGAAGGTGGGGGACCTCTGGTGGAGGGTGAGGGAAGCTTGTGTGGCCTGAGACCAGG","GGGAGGCAGGCCAAGGCTCCGCAGGGACAGGGCATGGAGCCCAGTCTCCG","","","PHKG1","NM_006213","TSS200","","","","","","","TRUE"
"cg19809988",0.659895319679885,"chr7",149569883,"+","cg19809988","71636465","","ACTCCTAACTATTTTCTAAAATCAAAAACCAATTACATCCRCCCTTCTCC","","II","","",NA,NA,NA,NA,NA,NA,"chr7:149570366-149571272","N_Shore","CGCCCACCTCCAACTTACATGAATGTTGGAAGGATGGATAGGGAGGTTTCAACTAGAGAA[CG]GAGAAGGGCGGATGTAACTGGTTCTTGATTTCAGAAAACAGCCAGGAGCACACATGGCTG","CGGAGAAGGGCGGATGTAACTGGTTCTTGATTTCAGAAAACAGCCAGGAG","","","ATP6V0E2;ATP6V0E2;LOC401431","NM_145230;NM_001100592;NR_027040","TSS200;TSS200;Body","","","","","7:149569471-149570460","Promoter_Associated",""
"cg21940640",0.659864872177418,"chr7",56160893,"+","cg21940640","50769510","","CAAAATTACTCCCAAAAAAACAAATACCCTCCRCACAAAACTAAATTTAC","","II","","",NA,NA,NA,NA,NA,NA,"","OpenSea","CAGGATGTAAGAGTGATCAGTCTCCCCTCTGGAGCTCCCTTGGCCTCCAGGCCCAGAGAA[CG]TAAATCCAGCCTTGTGCGGAGGGCACTTGCTTCTCTGGGAGCAATTTTGATTTCCACGTA","AAAATTGCTCCCAGAGAAGCAAGTGCCCTCCGCACAAGGCTGGATTTACG","","","PHKG1","NM_006213","TSS1500","","","","","","","TRUE"
"cg22799850",0.659752769919109,"chr7",102714871,"-","cg22799850","24790354","","CTCCTCAAATACTTCTTATCCAAACCTTAAAATCTAAATTTAAAATTTCC","","II","","",NA,NA,NA,NA,NA,NA,"chr7:102715106-102716015","N_Shore","TCACTCCTCCACTCCTCAGGTACTTCTTGTCCAAACCTTAAAATCTGAGTTTGGGGTTTC[CG]ATCTGGGCCTTGTGCTCATTCCCCCTGGGAGATGTCACCCATTCCCCACGTGCAGCCACC","CGGAAACCCCAAACTCAGATTTTAAGGTTTGGACAAGAAGTACCTGAGGA","","TRUE","ARMC10;FBXL13;ARMC10;FBXL13;ARMC10;ARMC10;ARMC10;FBXL13;ARMC10","NM_001161010;NM_145032;NM_001161011;NM_145032;NM_001161013;NM_001161012;NM_031905;NM_001111038;NM_001161009","TSS1500;1stExon;TSS1500;5'UTR;TSS1500;TSS1500;TSS1500;5'UTR;TSS1500","","","","","","",""
"cg26422861",0.659499732305093,"chr7",56160737,"-","cg26422861","56746453","","RTACCAAAAATAAATCACAACTACAAACCCRAAAAACAAACCAAAACTCC","","II","","",NA,NA,NA,NA,NA,NA,"","OpenSea","CGGAGGCTAACGTGCCAAAAATAAATCACAACTGCAAACCCGGGAGGCAGGCCAAGGCTC[CG]CAGGGACAGGGCATGGAGCCCAGTCTCCGGGCGGAAGGTGGGGGACCTCTGGTGGAGGGT","TGCCAAAAATAAATCACAACTGCAAACCCGGGAGGCAGGCCAAGGCTCCG","","","PHKG1","NM_006213","TSS200","","","","","","","TRUE"
"cg08606497",0.659270057757218,"chr8",28244769,"+","cg08606497","16785345","","CAAAACTACAAACCRATTTATCTAACTACAAAAACTTTAACCCTTTTCCC","","II","","",NA,NA,NA,NA,NA,NA,"chr8:28243684-28244283","S_Shore","TGCAGTTCACCTTGGATTTAAGGTGTGCTGTTTTTCTGGCAAAGAGTCAGTGGGAGTGTC[CG]GGAAAAGGGCTAAAGTCTTTGTAGTCAGACAAACCGGCTTGCAGTCCTGACTGAGCTACA","CGGGAAAAGGGCTAAAGTCTTTGTAGTCAGACAAACCGGCTTGCAGTCCT","","","ZNF395","NM_018660","TSS1500","","","","","8:28244697-28245073","Promoter_Associated",""
"cg12568669",0.658890654638571,"chr8",11666485,"+","cg12568669","20750402","","ACCRAACTATATTCTAAATAAACCACAACAACRAAACTACAACRCTAAAC","","II","","",NA,NA,NA,NA,NA,NA,"chr8:11665773-11666045","S_Shore","GGCTTGGAGGAAAGCTTGTCCGGGACCTTTGAGTGTGTTGGAAGCTACCTTTTGATATAG[CG]CTCAGCGTTGCAGCCTCGTTGCTGTGGCTTATCCAGAACATAGCCCGGCCCTACGTGTTT","CGCTCAGCGTTGCAGCCTCGTTGCTGTGGCTTATCCAGAACATAGCCCGG","","","FDFT1","NM_004462","Body","","","","8:11703092-11704004","8:11665471-11666754","Promoter_Associated","TRUE"
"cg05514971",0.658871269669078,"chr9",130329588,"-","cg05514971","65738338","","CAAAAAATCCTAAATAAAAAAACTATTACAAAACCCCAAAAACTTACTAC","","II","","",NA,NA,NA,NA,NA,NA,"chr9:130330540-130331180","N_Shore","AGGGGCCTCAACAGGAGGTCCTGAATGGAGGGACTGTTACAGAGCCCCAGGAGCTTGCTG[CG]ACAGGGAGGGGACAGGAAGACTCCGCCCTGGCCCTTCCTCCTCCCACAGTCCAGGCCTGG","CGCAGCAAGCTCCTGGGGCTCTGTAACAGTCCCTCCATTCAGGACCTCCT","","","FAM129B;FAM129B","NM_022833;NM_001035534","Body;Body","","RDMR","","","9:130329358-130329792","Unclassified_Cell_type_specific",""
"cg11714502",-0.658584116331101,"chr9",130640212,"+","cg11714502","26738383","","AAAACCTAACCTTATACCCTAAAATATACCTTAAACACAATCRAAATATC","","II","","",NA,NA,NA,NA,NA,NA,"chr9:130639738-130640143","S_Shore","CAGGTGGCTGTGCCCACACACGCGAACTACACTTTACAGTTTGCCAAGAGTTTTCCATTG[CG]ATACCCCGACTGTGCTCAAGGTACACTCCAGGGTACAAGGCCAGGCTTTCCCTATGATAG","AAGCCTGGCCTTGTACCCTGGAGTGTACCTTGAGCACAGTCGGGGTATCG","","TRUE","AK1","NM_000476","TSS200","","","","9:129679560-129680034","","",""
"cg13415831",0.658365882292232,"chr9",92137791,"-","cg13415831","36719313","","AATACTATAAAACACAAATACAAACCAACAAACTTTCACAAAATAATCAC","","II","","",NA,NA,NA,NA,NA,NA,"","OpenSea","GCCATCTGAGAAGTGCTGTGAAACACAAGTGCAGGCCAGCAAGCTTTCACAGGATGGTCA[CG]CAAGGAAAGGAAGAAAGTCTGCAGCCTATGGATGATGTGCAATTCTCCCCAATGTCAAAA","GTGCTGTGAAACACAAGTGCAGGCCAGCAAGCTTTCACAGGATGGTCACG","","","","","","","","TRUE","","9:92137115-92137816","Unclassified",""
"cg14005294",0.658250564257646,"chr9",130640220,"+","cg14005294","61678393","","TCATAAAAAAAACCTAACCTTATACCCTAAAATATACCTTAAACACAATC","","II","","",NA,NA,NA,NA,NA,NA,"chr9:130639738-130640143","S_Shore","TGTGCCCACACACGCGAACTACACTTTACAGTTTGCCAAGAGTTTTCCATTGCGATACCC[CG]ACTGTGCTCAAGGTACACTCCAGGGTACAAGGCCAGGCTTTCCCTATGATAGCTGGAGAA","CATAGGGAAAGCCTGGCCTTGTACCCTGGAGTGTACCTTGAGCACAGTCG","","","AK1","NM_000476","TSS200","","","","","","",""
"cg04902811",0.658152193865562,"chr10",99478719,"-","cg04902811","55779300","","AAAATTTCAAAACTCACCTAAAACAACTCCAAACTAAAATCTAATACCAC","","II","","",NA,NA,NA,NA,NA,NA,"","OpenSea","CAGGAAACAGGAAGATTTCAAAACTCACCTGGAACAGCTCCAGGCTGGGATCTGATGCCA[CG]TGTGTGTGCGCCACACCCACTGTCTTCCAAAGAACCATTCCAGTGCCTGCGCACACAAAC","CGTGGCATCAGATCCCAGCCTGGAGCTGTTCCAGGTGAGTTTTGAAATCT","","","LOC100270710","NR_026754","TSS1500","","","","","","","TRUE"
"cg11721913",0.658123300590239,"chr10",102825997,"+","cg11721913","74632318","","CAAAAAACAAACTCTAACRCTAAACCAAAAACAAACCCTCCCRCAATAAC","","II","","",NA,NA,NA,NA,NA,NA,"chr10:102825929-102827693","Island","GAGGCGCTGTGTGTAGATGGCGACAGCCTCCTACACGCCAGGGCTCCACCCGGATCCTGG[CG]CCACTGCGGGAGGGCCTGCCCTTGGCTCAGCGTCAGAGTTTGTCCTCTGGGGCCCAACGC","AGAGGACAAACTCTGACGCTGAGCCAAGGGCAGGCCCTCCCGCAGTGGCG","","","","","","","","","10:102815977-102817675","","",""
"cg25491558",-0.658114525201297,"chr10",65472123,"-","cg25491558","39683395","","ATTCAATCATCCCAAAACATCTAAAAACAAACAAATACCAAAATACACAC","","II","","",NA,NA,NA,NA,NA,NA,"","OpenSea","TCTGAAGGTTTATTCAGTCATCCCAGGACATCTAAAGGCAGGCAGATGCCAAAGTACACA[CG]GGGCATTGGGTGTGAGCCTGATGAGAGCAGAGACCGGGAGGCCTAATGGAGGGGCTGGCA","TTCAGTCATCCCAGGACATCTAAAGGCAGGCAGATGCCAAAGTACACACG","","","","","","","","TRUE","","","","TRUE"
"cg00489660",0.657912611687404,"chr11",57089821,"-","cg00489660","23683485","","TAAAAAACTACAAAATATAAAATCTATCTATAAATCACCTCACRAAAAAC","","II","","",NA,NA,NA,NA,NA,NA,"chr11:57091614-57092831","N_Shore","CAAAGCAGAGCTAGAGAGCTGCAAAGTATGAAGTCTGTCTGTGAATCACCTCACGGGAGA[CG]GGAAAAACCCGCTCCTCCCCAACCTGGGCTCCGCCCCACTGCCTGCCTCCCCCTTCCCAC","AGAGAGCTGCAAAGTATGAAGTCTGTCTGTGAATCACCTCACGGGAGACG","","","TNKS1BP1","NM_033396","5'UTR","low-CpG:56846304-56846399","","","","11:57089598-57089986","Unclassified_Cell_type_specific",""
"cg02224369",0.657819376744965,"chr11",33758529,"+","cg02224369","61606331","","ACTAAATTAATAAAAACACTCRAAAAAATTCATTCAAAACACTAATCCCC","","II","","",NA,NA,NA,NA,NA,NA,"chr11:33757476-33758122","S_Shore","CTTGTGACTTGTTTGAGACCCAAACAAAATGTTATGCGTTTAAAAGCTTACTGGGCTGCT[CG]GGGACCAGTGTTTTGAATGAACCTCTTCGAGTGTCTCTATCAACTTAGCTGGTAGCTACT","CGGGGACCAGTGTTTTGAATGAACCTCTTCGAGTGTCTCTATCAACTTAG","","","CD59;CD59;CD59;CD59","NM_000611;NM_203330;NM_203329;NM_203331","TSS1500;TSS1500;TSS1500;TSS1500","","RDMR","","","11:33757349-33758674","Promoter_Associated",""
"cg08923614",0.657754021188961,"chr11",74303294,"-","cg08923614","72760420","","CTTATTTTCAATAATCTCCCCTTTATCCTAACTTTCCCRAATTTCATCAC","","II","","",NA,NA,NA,NA,NA,NA,"chr11:74303529-74304040","N_Shore","TACTAAAATTACTTGTTTTCAATAGTCTCCCCTTTATCCTGGCTTTCCCGGGTTTCATCA[CG]CGCAGCCAACCTCGGTAGGGAAATATTATACCCAATGACATCTGTTGAGAGACCATATTC","TTGTTTTCAATAGTCTCCCCTTTATCCTGGCTTTCCCGGGTTTCATCACG","","","POLD3","NM_006591","TSS1500","","CDMR","","","11:74303281-74304795","Promoter_Associated","TRUE"
"cg09060789",0.657576140628309,"chr11",1884988,"-","cg09060789","50693369","","AAAAAACAAAAAACTAAACTACTCCTCCCTAAACCAAAACCAAAAAACRC","","II","","",NA,NA,NA,NA,NA,NA,"","OpenSea","AAGCCCAACCAGAGGAACAGAGGGCTGGGCTGCTCCTCCCTGGGCCAGGGCCAGAGGACG[CG]GGCAAGGGGGGCCTGGCTGGCGAGGGCACCAGGCCCACTTTGTGCCCACTGGCCACCTCT","AGGAACAGAGGGCTGGGCTGCTCCTCCCTGGGCCAGGGCCAGAGGACGCG","","","LSP1","NM_002339","Body","","","TRUE","","11:1884850-1885143","Unclassified_Cell_type_specific","TRUE"
"cg09153080",0.657452146180353,"chr11",60739183,"-","cg09153080","64689313","","AACAAACAAACRTAAAACACTCACAAATTAAATTTAATCRCATACRTATC","","II","","",NA,NA,NA,NA,NA,NA,"","OpenSea","ACCACAAGCAGAACAAGCAGGCGTGAGACACTCACAGGTTGGGTTTGATCGCATGCGTGT[CG]GAGAGGAGAGAGCAGAGAGAGACACAGGAACAAGAACAGCAAAGGGTAGAGCAGACCTGC","ACAAGCAGGCGTGAGACACTCACAGGTTGGGTTTGATCGCATGCGTGTCG","","","CD6;CD6","NM_006725;NM_006725","5'UTR;1stExon","low-CpG:60495707-60495828","","","","11:60738953-60739421","Promoter_Associated",""
"cg09878888",0.657286137054656,"chr11",57529614,"+","cg09878888","21630375","","AAAAAAAAATAATTACTTAAAAATTACTCATCAACATAACAAACTCTCCC","","II","","",NA,NA,NA,NA,NA,NA,"","OpenSea","GGAAAAGGAGGATAAGCAAGTCGAATTTTTGTCTTACGGTAACCGGAGGGAATTAAAAAA[CG]GGAGAGTCTGTTATGCTGATGAGTAACTTTTAAGCAATTATTTTTCTTTTCTACTTTCAG","CGGGAGAGTCTGTTATGCTGATGAGTAACTTTTAAGCAATTATTTTTCTT","","","CTNND1;CTNND1;CTNND1;CTNND1;CTNND1;CTNND1;CTNND1;CTNND1;CTNND1;CTNND1;CTNND1;CTNND1;CTNND1","NM_001085459;NM_001085467;NM_001085462;NM_001331;NM_001085460;NM_001085463;NM_001085468;NM_001085464;NM_001085465;NM_001085469;NM_001085458;NM_001085466;NM_001085461","5'UTR;5'UTR;5'UTR;5'UTR;5'UTR;5'UTR;5'UTR;5'UTR;5'UTR;5'UTR;5'UTR;5'UTR;5'UTR","low-CpG:57285840-57286264","","","","","",""
"cg11845417",0.657273961125626,"chr11",111789613,"-","cg11845417","65649462","","CCAACCTACTAAATTAAAATCTAACACTAACACAAACTCCRAAAACTACC","","II","","",NA,NA,NA,NA,NA,NA,"","OpenSea","GCTTCAAAAGTCCAACCTGCTAGGTTGAAATCTGACACTGACACAGACTCCGGGAGCTGC[CG]CGGAAAGCTCAACCAGGAACCCGGAAATGCACAAGCCTCTTGATGCATAAAAACAGCTGG","CAACCTGCTAGGTTGAAATCTGACACTGACACAGACTCCGGGAGCTGCCG","","","C11orf52;C11orf52","NM_080659;NM_080659","1stExon;5'UTR","","","","","","",""
"cg12589431",0.657156554824441,"chr11",65255266,"-","cg12589431","10768330","","ATCATCCTCCTAACCAAAATAAAATAACCAAAAAACAAACRCACRTAACC","","II","","",NA,NA,NA,NA,NA,NA,"","OpenSea","TCGGAGCTTGCATCATCCTCCTGACCAGGGTGGAATAACCAGGAGGCAGGCGCACGTGAC[CG]TTTCCATGGTGACCTCCCTTAGCAACCCTGACTGGTCCTGTTTATGAACGCTGGAAAATT","CGGTCACGTGCGCCTGCCTCCTGGTTATTCCACCCTGGTCAGGAGGATGA","","","","","","","","TRUE","","11:65254982-65255341","Unclassified_Cell_type_specific","TRUE"
"cg12603560",0.656985869899698,"chr11",57090070,"+","cg12603560","29697365","","CAAAACTAAACCCTAACTTTACCTCATCAAATTCCAAACTAAAACCAAAC","","II","","",NA,NA,NA,NA,NA,NA,"chr11:57091614-57092831","N_Shore","GGAAAAATAAGGAATAAAAAGTAAACATCTGGAATATATTTTTTTCTTTAATTTCTCAAT[CG]CTTGGCTTCAGCTTGGAATTTGATGAGGTAAAGCCAGGGCCTAGTCCTGTTGCCATAGCA","CGCTTGGCTTCAGCTTGGAATTTGATGAGGTAAAGCCAGGGCCTAGTCCT","","TRUE","TNKS1BP1","NM_033396","5'UTR","","","TRUE","","","",""
"cg19446990",0.656830938309974,"chr11",61739400,"-","cg19446990","66681473","","AAAATTTAACTAATCTCCCAAAACAACCRCCTCCCAAAACCAAAAATAAC","","II","","",NA,NA,NA,NA,NA,NA,"chr11:61734760-61735932","S_Shelf","GGAGGCAGCAGAGAGTTTGGCTGGTCTCCCAGGACAGCCGCCTCCCAGGGCCAGGAGTGG[CG]GGAGGGACCTCAGATGAGAGAAGAGCCAAGCCGGTGGTTTCTGGAGGTTCAGCACATCCT","GAGTTTGGCTGGTCTCCCAGGACAGCCGCCTCCCAGGGCCAGGAGTGGCG","","","","","","","","TRUE","","11:61739379-61739704","Unclassified_Cell_type_specific","TRUE"
"cg22964469",0.656713733645213,"chr11",121337508,"-","cg22964469","34772370","","TATAACTCACCAAAAAATTATTCTTATAACCAAAATATACCTAACATCTC","","II","","",NA,NA,NA,NA,NA,NA,"","OpenSea","TGGGGATCAGCTGTGACTCACCAGGGAGTTATTCTTATGACCAGGATGTGCCTGACATCT[CG]CCAAGCAAAGGAGCTGAGCTGTTCCTGCGAGTGCCTGGTGGCCCTCGTACAAGTCATTTC","GTGACTCACCAGGGAGTTATTCTTATGACCAGGATGTGCCTGACATCTCG","TRUE","","SORL1","NM_003105","Body","","","TRUE","","","","TRUE"
"cg24099956",0.656641089118849,"chr11",113907379,"-","cg24099956","19671461","","CCRACACTCCAAAACCCCCATAAATATAAAATAACTATTCTATCTTTTCC","","II","","",NA,NA,NA,NA,NA,NA,"chr11:113906920-113907332","S_Shore","TCACAGCCAGCCCGGCACTCCAGGGCCCCCATAAGTATAAAATAACTATTCTGTCTTTTC[CG]TAGGAGGAGCCAGCATTTGGATCCCAAGGGTTGTTTATTTTGACTCACTGCTGTTTTTGC","CGGAAAAGACAGAATAGTTATTTTATACTTATGGGGGCCCTGGAGTGCCG","","","","","","","","","","11:113905969-113907630","Unclassified","TRUE"
"cg27078890",0.656573306911995,"chr11",128457459,"+","cg27078890","27761342","","AAAACATTATAATCTTTACATCCTCTTAAACTACRAAACAAAAAATTCCC","","II","","",NA,NA,NA,NA,NA,NA,"","OpenSea","CCGGAGAGCAGATCCTGAGTGAGCTTCCCTCAAAGTCTGTGGTCTCTTTCCAACTACCTG[CG]GGAATCCTCTGCTCCGTAGCTTAAGAGGATGCAAAGACCATAATGTTTCTAATAGAGCTG","CGGGAATCCTCTGCTCCGTAGCTTAAGAGGATGCAAAGACCATAATGTTT","","","ETS1","NM_001143820","TSS200","","","","","","",""
"cg01931958",0.656282140939259,"chr12",1099117,"+","cg01931958","13737347","","TATCATCTCCCCCTTCAATACTTCCCACATATAACTACCAACTATTAAAC","","II","","","rs61742296",0.022727,NA,NA,NA,NA,"chr12:1099557-1100785","N_Shore","TTTTCCTGGGTAAATAGCCGGATGTCCAAGAAATGAAAGGCTGGTCTGGCAGCAGCACAT[CG]TCTAACAGTTGGTAGTCATATGTGGGAAGTACTGAAGGGGGAGATGACAGCAGGCCCAGA","CGTCTAACAGTTGGTAGTCATATGTGGGAAGTACTGAAGGGGGAGATGAC","","","ERC1;ERC1;ERC1;ERC1;ERC1","NM_178040;NR_027949;NR_027946;NR_027948;NM_178039","TSS1500;TSS1500;TSS1500;TSS1500;TSS1500","","RDMR","","","","","TRUE"
"cg07060074",0.656120213388396,"chr12",56390878,"-","cg07060074","20651388","","AAATCCCATTCTTTACACACCAAAAATATAATAAACTCCRAACTATTAAC","","II","","",NA,NA,NA,NA,NA,NA,"","OpenSea","CTGGTGCACAAGGGTCCCATTCTTTGCACACCAGGGGTATAATGGACTCCGGACTGTTGG[CG]AGAGTGACAGCAAAAAGAGCCAGCCTCTTCTCCCAGGCTTCTTAGCAACCTGCCTGTCTC","CGCCAACAGTCCGGAGTCCATTATACCCCTGGTGTGCAAAGAATGGGACC","","","SUOX;SUOX;SUOX","NM_000456;NM_001032386;NM_001032387","TSS200;TSS200;TSS200","","","TRUE","12:54676950-54677345","12:56389846-56391225","Unclassified",""
"cg19491035",0.655835031944214,"chr12",12502846,"+","cg19491035","59759467","","ATCCAAAAAACCAACTAAAACCAATAAAAACTAACCAAAATCCTTAAATC","","II","","",NA,NA,NA,NA,NA,NA,"chr12:12502942-12503465","N_Shore","CAGAGCCATTTATGGCAGGTGCCTTGAGCCCGCCTAGAGGTCCCCTTTGGAATACTGCAG[CG]ACTCAAGGATCCTGGTCAGCCCTTATTGGCCCCAGCTGGTCCTTTGGATGCTCGGGTGTG","TCCAAAGGACCAGCTGGGGCCAATAAGGGCTGACCAGGATCCTTGAGTCG","","TRUE","MANSC1","NM_018050","5'UTR","","","TRUE","12:12394045-12394697","12:12502540-12503752","Promoter_Associated","TRUE"
"cg20462883",0.655717711483311,"chr12",122461621,"+","cg20462883","60642350","","TATATATATTAACCTACAACTATTTCTACCATTTTTAAATAACTCCAATC","","II","","",NA,NA,NA,NA,NA,NA,"","OpenSea","GTTGAGATCCAAGTCGTCGGTGTCTCGGGAGCTCCCCTGGTACACAGGGTGCCCGGTGCC[CG]ACTGGAGCCATTTAAAAATGGCAGAAACAGCTGCAGGCCAACACACACACGCTGGAAAAC","GTGTGTGTTGGCCTGCAGCTGTTTCTGCCATTTTTAAATGGCTCCAGTCG","","","BCL7A;BCL7A","NM_001024808;NM_020993","Body;Body","","RDMR","TRUE","12:120943180-120946657","12:122461030-122462578","Unclassified",""
"cg25601967",0.655627370081311,"chr12",22590017,"+","cg25601967","47788360","","AACCAAATTTATACCCTCCCCCAAATTCTAACTAAAAAATTTCTCACCTC","","II","","",NA,NA,NA,NA,NA,NA,"","OpenSea","CAGAGGGTAAAACTCCACAGGGAGAAGGAATTCCCTGGCTGAACTTTGTAACAATTTGAA[CG]AGGTGAGAAACCTCCTAGTCAGAACTTGGGGGAGGGTACAAATCTGGCTTGCAGACTTCA","CGAGGTGAGAAACCTCCTAGTCAGAACTTGGGGGAGGGTACAAATCTGGC","","","","","","","","","","12:22589887-22590100","Unclassified_Cell_type_specific",""
"cg11615152",0.655584143359806,"chr13",20176789,"+","cg11615152","67648371","","CRCCAACTAACTAACCATCCAATCCCCAAAACCCRAACTTTAAATAAAAC","","II","","",NA,NA,NA,NA,NA,NA,"chr13:20175966-20176766","S_Shore","AGGCCCGGGAGAAGACGCGCCTGGCCGGGTCCTTGGCGGCAAAACTGGTTTGCATCTCCA[CG]CTTTACCTAAAGCCCGGGCTCTGGGGACTGGATGGCTAGCTAGCTGGCGGCTCCTACTGC","CGCTTTACCTAAAGCCCGGGCTCTGGGGACTGGATGGCTAGCTAGCTGGC","","","","","","","","","13:19073967-19074839","","",""
"cg23211791",0.655557001676945,"chr13",41364359,"-","cg23211791","66738374","","CTAACCTACRACTCCTTTAACCAAAAACTAAAATCTTCCCRCAACAATTC","","II","","",NA,NA,NA,NA,NA,NA,"chr13:41363435-41364319","S_Shore","TGGATGGCGAGCTGGCCTGCGGCTCCTTTAGCCAGAAGCTGGGATCTTCCCGCAGCAGTT[CG]TGTTCCCTGGTGGAAAATGCAGCCTCATCTACTGACTCTCCCTTCCAAAAAAAAGTTATT","TGGCCTGCGGCTCCTTTAGCCAGAAGCTGGGATCTTCCCGCAGCAGTTCG","","","SLC25A15","NM_014252","5'UTR","","","","","13:41363240-41364432","Promoter_Associated",""
"cg24089887",0.655472256375238,"chr13",74899532,"+","cg24089887","65661357","","TTTATACTATCTCTCTACTTAATCTATAAAAATTTTCCACTAAAAAAACC","","II","","",NA,NA,NA,NA,NA,NA,"","OpenSea","CTCTGTCTGCTGTCCACATTGCTGCCTGCCCAGAGAGAAAAGGAGCTCTTTGTGGTCTTT[CG]GTTCTTCTAGTGGAAAATTTCTATAGACTAAGCAGAGAGATAGCACAAAGCAGACCATTT","CGGTTCTTCTAGTGGAAAATTTCTATAGACTAAGCAGAGAGATAGCACAA","","","","","","","","TRUE","","","",""
"cg26905258",0.655357885144029,"chr13",77898407,"-","cg26905258","27718508","","TAAAACCACAAAAACTACTATTTCATAATTTTCTTCTTAATTTTAATTCC","","II","","",NA,NA,NA,NA,NA,NA,"chr13:77900504-77901140","N_Shelf","ATCCACTCTCCTAGAGCCACAGAGGCTACTGTTTCATGATTTTCTTCTTAATTTTGATTC[CG]TTTCCTTCACTGTCTCCTTTCTCTCACACCTTTAAACCTGATGCTCACTAGAGCTTCATT","CGGAATCAAAATTAAGAAGAAAATCATGAAACAGTAGCCTCTGTGGCTCT","","","MYCBP2","NM_015057","Body","","","","","13:77898229-77898511","Promoter_Associated_Cell_type_specific",""
"cg05877109",0.655355180565197,"chr14",23775794,"+","cg05877109","57786384","","CTAAACTAAACTAAACTCCTAAACCTCTAAACTACCCAAAAAAATATACC","","II","","",NA,NA,NA,NA,NA,NA,"chr14:23770512-23771902","S_Shelf","TGCATGGAACATCGGAAACCTCCTGAAAATGCTAAATTTGCCCCGAGATGTCCCGAAGTC[CG]GCATATTTCTCTGGGCAGCCTAGAGGCTCAGGAGCCCAGCCCAGCCCAGCCCACCGTGCC","CGGCATATTTCTCTGGGCAGCCTAGAGGCTCAGGAGCCCAGCCCAGCCCA","","TRUE","BCL2L2","NM_004050","TSS1500","","","","","","","TRUE"
"cg06889607",0.655253528705829,"chr14",67826009,"-","cg06889607","42792459","","AAAACATTTATTAAAACCTCCTTAACCTTTCCAAACRAATATCTAACTAC","","II","","",NA,NA,NA,NA,NA,NA,"chr14:67826139-67827526","N_Shore","CTTCCCTTCTCAGAGCATTTATTAAAACCTCCTTGGCCTTTCCAGACGAATGTCTGGCTA[CG]TAAACTGTGAGCTCTGTAGGGCAGAGGTGGCGACGGTTCAGTTATATAAATCCAGTGCCC","CGTAGCCAGACATTCGTCTGGAAAGGCCAAGGAGGTTTTAATAAATGCTC","","","EIF2S1;ATP6V1D","NM_004094;NM_015994","TSS1500;Body","","","","14:66895748-66895824","14:67825704-67827557","Promoter_Associated",""
"cg10444281",-0.655216147864841,"chr14",75895468,"+","cg10444281","72685428","","AACTACCTTCATTAAATAAAAATCCCRAACCCTTCTCAATACTCTCCTCC","","II","","",NA,NA,NA,NA,NA,NA,"chr14:75894308-75895469","Island","TGGAGGGATGACAAGGACCTCCTGGCAGTGAGGAAGCGCGACTCCCGGAGGACCCGGACC[CG]GAGGAGAGTATTGAGAAGGGCTCGGGATTTCCATCCAATGAAGGCAGCTTCTCTCATGGC","GCTGCCTTCATTGGATGGAAATCCCGAGCCCTTCTCAATACTCTCCTCCG","","","JDP2;JDP2;JDP2","NM_001135048;NM_130469;NM_001135047","5'UTR;5'UTR;5'UTR","","","","","14:75893231-75895730","Promoter_Associated",""
"cg13536265",0.655150547164873,"chr14",24836539,"+","cg13536265","17756476","","CCTAAAACTATAATCTAAAATAAATCTCTAACCCRATAACATCCCACTCC","","II","","",NA,NA,NA,NA,NA,NA,"chr14:24837872-24838324","N_Shore","ACCCACAGGGTCCGGAGGTTTCAGGCCCCTAGTAAACCTGGCAAGGATTTTTAGAAGAGC[CG]GAGTGGGATGCTATCGGGTCAGAGATTCATTCCAGACTACAGTTCTAGGGAGGAGGCTGC","CTAGAACTGTAGTCTGGAATGAATCTCTGACCCGATAGCATCCCACTCCG","","","NFATC4;NFATC4","NM_001136022;NM_004554","Body;TSS1500","","","","","14:24834531-24838393","Unclassified",""
"cg18449389",0.654909674519392,"chr14",23776482,"-","cg18449389","47772490","","CAACTAAAAACTCCTTACCACCAATACTATATCTTAAAAACTACCATCCC","","II","","",NA,NA,NA,NA,NA,NA,"","OpenSea","ATGAAAGGCCCCAGCTGGGGGCTCCTTGCCACCAGTGCTGTGTCTTAAGAGCTGCCATCC[CG]GCTGGGTGAGTGTCTCCTTCCTTTCTCTGTCTGGAGTAACCCATTGCGTCTCCCACCTTT","AGCTGGGGGCTCCTTGCCACCAGTGCTGTGTCTTAAGAGCTGCCATCCCG","","","BCL2L2","NM_004050","5'UTR","","","","","","",""
"cg25149155",0.654857185191324,"chr14",23775777,"-","cg25149155","60681353","","AACAAATACATAAAACATCRAAAACCTCCTAAAAATACTAAATTTACCCC","","II","","",NA,NA,NA,NA,NA,NA,"chr14:23770512-23771902","S_Shelf","TGGAAAAGTTCAACAAGTGCATGGAACATCGGAAACCTCCTGAAAATGCTAAATTTGCCC[CG]AGATGTCCCGAAGTCCGGCATATTTCTCTGGGCAGCCTAGAGGCTCAGGAGCCCAGCCCA","CGGGGCAAATTTAGCATTTTCAGGAGGTTTCCGATGTTCCATGCACTTGT","","TRUE","BCL2L2","NM_004050","TSS1500","","","","","","",""
"cg05506600",0.654829749220259,"chr15",72447967,"+","cg05506600","64794326","","TACCTTTATTTAAAAAACACRAACTAAACCCCAAAACAAAAAATTTTAAC","","II","","",NA,NA,NA,NA,NA,NA,"","OpenSea","GAGGCTTAAATGCCTCCCACCCTCTCGCTGTCAGCGGACAGGGCATGTGGAACTGTTAAA[CG]TTAAAACTCTCTGCTCTGGGGCCCAGCCCGTGCTCTCTAAATAAAGGTAGGAGCGGAAAG","ACCTTTATTTAGAGAGCACGGGCTGGGCCCCAGAGCAGAGAGTTTTAACG","","","","","","","RDMR","TRUE","","15:72447491-72449340","Unclassified",""
"cg07551659",0.654777243471182,"chr15",57669165,"-","cg07551659","48715359","","AATAACAACTAAAAAAAACTCACACRAAACAATTTCTAACCTATCCTATC","","II","","",NA,NA,NA,NA,NA,NA,"chr15:57668337-57669028","S_Shore","CCTCCGGCTCTAGTGACAGCTGGGAGAGACTCACACGAAGCAGTTTCTGACCTATCCTGT[CG]TACACAAGTCCTCGGCGTGCTCGGCCGGACCATCCCCTGGAAAGAAAGGGGCGTGTGACC","CGACAGGATAGGTCAGAAACTGCTTCGTGTGAGTCTCTCCCAGCTGTCAC","","TRUE","CGNL1","NM_032866","5'UTR","","","TRUE","15:55455319-55456615","","",""
"cg23849826",0.654765659491245,"chr15",39872186,"+","cg23849826","30784463","","CCCRAAATATAAATTACATTTCTATAAATACACACATTACCATAAATACC","","II","","",NA,NA,NA,NA,NA,NA,"chr15:39872527-39873567","N_Shore","TCATGCTGGCTTGGGACAGTGGCTTGGAGACCAGACTTCAATGACAGAAGCACTAGGCAG[CG]GCACTCATGGCAATGTGTGCACCCACAGAAATGTAACCCACACCTCGGGTTCAGGAGCCG","CGGCACTCATGGCAATGTGTGCACCCACAGAAATGTAACCCACACCTCGG","","","THBS1","NM_003246","TSS1500","","","","15:37659329-37659479","15:39871281-39873707","Unclassified",""
"cg02225847",0.654649963034582,"chr16",67563418,"+","cg02225847","52624409","","CCAAACCAATTCTACAAAAAACCCAAACCCRACTATTACAAAAACCTTAC","","II","","",NA,NA,NA,NA,NA,NA,"chr16:67564058-67564332","N_Shore","GAAGCCGGAGAGGATCGTCCTTGTCGGGGAACGGAGCTTTTCCCTGGAAATGGAGGTTGG[CG]CAAGGTTCCTGCAACAGCCGGGCCTGGGCTCTCTGCAGAACTGGTTTGGGCAAGGGGCTG","CAAACCAGTTCTGCAGAGAGCCCAGGCCCGGCTGTTGCAGGAACCTTGCG","","TRUE","FAM65A","NM_024519","5'UTR","","","","16:66120077-66121833","16:67562352-67563773","Unclassified","TRUE"
"cg07261196",0.6544454702556,"chr16",75601025,"-","cg07261196","21620492","","CTAATACTATTCAAAATACCTCAATACTAAATCTCCCRATCTAAACCAAC","","II","","",NA,NA,NA,NA,NA,NA,"chr16:75600006-75600860","S_Shore","AGGGGCTCGGGCTGGTGCTGTTCAGGGTGCCTCAGTGCTGAATCTCCCGATCTAGGCCAG[CG]AGCCGTCTGCAGCCTCGGGGCTCCCTGGCCAATTATGTAAGGAACGATGTTCTAGGACAG","CGCTGGCCTAGATCGGGAGATTCAGCACTGAGGCACCCTGAACAGCACCA","","","GABARAPL2","NM_007285","Body","","","","","16:75599568-75601216","Promoter_Associated","TRUE"
"cg08761535",0.654121017898009,"chr16",75079000,"+","cg08761535","53678341","","ACATCAAATACTCAAAAAACATATCCCTAAACTAAATCCTTAAAACAACC","","II","","","rs78911937",0.013021,NA,NA,NA,NA,"","OpenSea","CAAACTTCGTCTTAGGATCTTCTGGCAGGTGTCCTGGTTGGATCGTGGGTGGTGCTTGTC[CG]GCTGCCTCAAGGATCCAGCCTAGGGACATGTTCTTTGAGCACTTGATGTGAGAGTTTTAT","CGGCTGCCTCAAGGATCCAGCCTAGGGACATGTTCTTTGAGCACTTGATG","","","ZNRF1","NM_032268","Body","","","TRUE","","","",""
"cg16689434",0.654113225816233,"chr16",90089547,"-","cg16689434","64673475","","TTCAACTCACRAAACTTTACAAAACACCAAAATCCCCATAAAATAAAACC","","II","","",NA,NA,NA,NA,NA,NA,"chr16:90088915-90089413","S_Shore","GGACCTAGGGTTTCAGCTCACGAGGCTTTGCAGAGCACCAGGGTCCCCATGGAATAGAGC[CG]GAGGCAGGAATTACCCTAAGACCTTTGGTCTCCCGGATGGAGAGCCTGGGGCACACCAGA","CGGCTCTATTCCATGGGGACCCTGGTGCTCTGCAAAGCCTCGTGAGCTGA","","","GAS8;GAS8","NM_001481;NR_023348","Body;Body","","","","","16:90088418-90089928","Promoter_Associated",""
"cg20751926",-0.653928118972914,"chr16",58061280,"+","cg20751926","32724348","","AAAAAAAATAAACCCTACTCTTACTCTAAAACAAAAAAACTAACRCCTTC","","II","","",NA,NA,NA,NA,NA,NA,"chr16:58059380-58061477","Island","CGGCGTAGAGCCGAGTCCAGCCAGCGCCCCAGCTCCATGGTGTCTCCCGAGCGAGGACAC[CG]AAGGCGCCAGCTTTCTTGCCCCAGAGCAAGAGCAGGGTCCACTCTTCCCCGACTTCTAAG","GGAAGAGTGGACCCTGCTCTTGCTCTGGGGCAAGAAAGCTGGCGCCTTCG","","","MMP15","NM_002428","Body","","","","16:56616818-56618978","","",""
"cg21445230",-0.653795911313429,"chr16",67969367,"+","cg21445230","65714446","","RCAACRATTAACTTCAAATACTTCTCCTACCTTCAAACTCTAATCAAAAC","","II","","",NA,NA,NA,NA,NA,NA,"chr16:67969290-67970418","Island","GACAGAGGCCGCTCACCGTCATGTTCGGCTGGAACCGGTCTTCTAGCACCGCCAGGGCCG[CG]TCCTGACCAGAGCCTGAAGGCAGGAGAAGCATCTGAAGTCAACCGCTGCGACGCCGTTTG","CAGCGGTTGACTTCAGATGCTTCTCCTGCCTTCAGGCTCTGGTCAGGACG","","","PSMB10","NM_002801","Body","","","","16:66526634-66528210","","",""
"cg00066663",0.653478890799731,"chr17",7792674,"+","cg00066663","72707384","","ACCAAACTCCAAACCATAAACTCTAACTATAACAAATCCTTTCAATCACC","","II","","",NA,NA,NA,NA,NA,NA,"chr17:7788261-7789091","S_Shelf","CCCAGTTCCTGGGCAGGATGCCAGCTGGCGAAGTGAGGGGGAAGGCAGGAGGAGCCCTGG[CG]GTGACTGAAAGGACCTGCCACAGTCAGAGCCCATGGCCTGGAGCCTGGTCTCTTGTTAGT","CCAGGCTCCAGGCCATGGGCTCTGACTGTGGCAGGTCCTTTCAGTCACCG","","","CHD3;CHD3;CHD3","NM_001005271;NM_005852;NM_001005273","Body;Body;Body","","","","","17:7791365-7793314","Promoter_Associated","TRUE"
"cg04384031",0.653466106659688,"chr17",19631485,"+","cg04384031","42719448","","CTACCCTAACACAAAACCAAACCTTACAAAACAAACAACTACTAACAATC","","II","","",NA,NA,NA,NA,NA,NA,"chr17:19627877-19628298","S_Shelf","ACACGGCTTCCCCCAGGCACCGCAGATCCTGGCCCTGAACGACAAGAGTGCCTGACCTCA[CG]ATTGCCAGCAGCTGCCTGTCCTGCAAGGCCTGGCCCTGTGCCAGGGCAGCTGCTTTGCGT","TGCCCTGGCACAGGGCCAGGCCTTGCAGGACAGGCAGCTGCTGGCAATCG","","","","","","","","TRUE","","","","TRUE"
"cg05872923",0.653407918759469,"chr17",7461260,"-","cg05872923","73716432","","TCTCTCTTTATTAAAACTCAAAAAACACTCTCAAAATAACTAAAAACCAC","","II","","",NA,NA,NA,NA,NA,NA,"chr17:7464666-7465823","N_Shelf","AAGTCATAGTCTCTCTCTTTATTGGGGCTCAGGGGACACTCTCAGGGTAGCTGGGGGCCA[CG]TGAAGGGGGGCGTTGCGGAGCGGCACAGCTGGAACTCCGGGATGATGTTCAGGCTTGGGG","CGTGGCCCCCAGCTACCCTGAGAGTGTCCCCTGAGCCCCAATAAAGAGAG","","","TNFSF13;TNFSF13;TNFSF12-TNFSF13;TNFSF13","NM_003808;NM_172088;NM_172089;NM_172087","TSS1500;TSS1500;Body;TSS1500","","","","","","","TRUE"
"cg06421614",0.65337770322615,"chr17",7121116,"+","cg06421614","14649338","","ACTTCCTTCTCTAAAAAATAAAATCCAACCTCATCRTCTTTACTATCATC","","II","","",NA,NA,NA,NA,NA,NA,"chr17:7123038-7123718","N_Shore","AGATAGAAGCAGAAGCACAGAGGCCCCTGAGGCAAACATGGAGACCTGGCCAGCCACCAG[CG]ATGACAGCAAAGACGATGAGGCTGGATTTCATTTCTTAGAGAAGGAAGCATCTATAGTTG","CTTCCTTCTCTAAGAAATGAAATCCAGCCTCATCGTCTTTGCTGTCATCG","","","DLG4;DLG4","NM_001365;NM_001128827","Body;TSS200","","","","","17:7120853-7121688","Unclassified_Cell_type_specific","TRUE"
"cg09307264",0.653257065394919,"chr17",4902281,"-","cg09307264","21794496","","CAATAAACRCCATAACACTAACCCCAAATTAAAACTAACACCAACCAACC","","II","","",NA,NA,NA,NA,NA,NA,"chr17:4900357-4901798","S_Shore","CTTCCCCAGGGCAGTGGACGCCATAGCACTAGCCCCAGGTTGGGGCTGGCACCAGCCAGC[CG]GCTTCCTTTTCTTTCTCCCTTTTAGGGAGGCCCCAGGGACCCTCTACCCTCAAACACAGG","CGGCTGGCTGGTGCCAGCCCCAACCTGGGGCTAGTGCTATGGCGTCCACT","","TRUE","INCA1;INCA1;KIF1C;INCA1;INCA1","NM_001167986;NM_001167985;NM_006612;NM_213726;NM_001167987","TSS1500;TSS1500;5'UTR;TSS1500;TSS1500","","","","","","",""
"cg10090116",0.653238588170139,"chr17",73630199,"-","cg10090116","52709327","","ACTAACTATCAACAAAAAAACTAAACTAAAACRCCCAAAAAAACAACRAC","","II","","",NA,NA,"rs185961263",0.0133,"rs185961263",0.0133,"chr17:73627542-73627824","S_Shelf","CAGAGACAGCAGCTGGCTGTCAGCAGAGGAGCTGGGCTGAGGCGCCCAGGGGAGCAGCGG[CG]CCCACGAAGGAAGTACGAGGACAGCACGTGGAGGCTCCGCGCTGGGGCACTGCTGCTCAG","CGCCGCTGCTCCCCTGGGCGCCTCAGCCCAGCTCCTCTGCTGACAGCCAG","","","RECQL5;LOC643008;LOC643008","NM_004259;NM_001162995;NM_001162995","Body;1stExon;5'UTR","","","TRUE","","17:73629934-73630210","Unclassified",""
"cg13358186",-0.652995431303943,"chr17",7461775,"-","cg13358186","69790371","","CTTACCAATTTCAACACAAAAAATAATACAAACCTTATTCCAACACACCC","","II","","",NA,NA,NA,NA,NA,NA,"chr17:7464666-7465823","N_Shelf","AGGAAGTCCTGCTTGCCAATTTCAGCACAGGGAGTAGTGCAGGCCTTATTCCAACACACC[CG]GCCCAGCCTTAACCCCAGAACTCAGCCAGTTTCTTGCTTCCGTGCCCCTGGTTCTCCTCC","TTGCCAATTTCAGCACAGGGAGTAGTGCAGGCCTTATTCCAACACACCCG","","","TNFSF13;TNFSF13;TNFSF13;TNFSF13;TNFSF12-TNFSF13;TNFSF13;TNFSF13","NM_003808;NM_172087;NM_003808;NM_172087;NM_172089;NM_172088;NM_172088","5'UTR;5'UTR;1stExon;1stExon;Body;1stExon;5'UTR","","","","","","","TRUE"
"cg16696476",0.652888463417121,"chr17",8191344,"-","cg16696476","63717438","","ATTAACRATCTAAATAACAACCCATTCTTCTTTCAAAAACCCAAAACACC","","II","","",NA,NA,NA,NA,NA,NA,"chr17:8191864-8192495","N_Shore","CAGATCTATGAATTAGCGGTCTGGGTGGCAGCCCATTCTTCTTTCAGAGGCCCAGAACAC[CG]TGAAACTATGCTTTCCTGACTCAAGAGACCCTACCTAGACGTGGGCCCCTTTGACGAGCA","CGGTGTTCTGGGCCTCTGAAAGAAGAATGGGCTGCCACCCAGACCGCTAA","","","RANGRF;SLC25A35","NM_016492;NM_201520","TSS1500;3'UTR","","","","","17:8191282-8191491","Unclassified_Cell_type_specific",""
"cg17142723",0.652887339917461,"chr17",41324085,"+","cg17142723","47806323","","ATACCACTAACTCACCTTTACTTAACACAAATTAACTTTTCCTCCACRTC","","II","","",NA,NA,NA,NA,NA,NA,"chr17:41322972-41323363","S_Shore","AAAGCTCAGGTTGCCAGGTCTGTTTCATTAAAGGGATTTTGTTGAGGCTGAAAAAAAAAT[CG]ACGTGGAGGAAAAGCTAACTTGTGCCAAGCAAAGGTGAGTCAGTGGCATGGACTTACAAT","CGACGTGGAGGAAAAGCTAACTTGTGCCAAGCAAAGGTGAGTCAGTGGCA","","","NBR1;NBR1;NBR1","NM_031858;NM_031862;NM_005899","5'UTR;5'UTR;5'UTR","","RDMR","","","17:41322021-41324107","Promoter_Associated","TRUE"
"cg20000342",0.65286509466839,"chr17",56031856,"+","cg20000342","20704393","","CAAAAAAAACTAATATCAACRTTTATTCATTCCTCCCTCTTCCTTTTCTC","","II","","",NA,NA,NA,NA,NA,NA,"chr17:56031843-56033160","Island","CTTTTTTTAAGGGGAAAAGAAATGGGCAGGGCAGTGCTGGGTGTAAGGCGACCACGCGAC[CG]AGAAAAGGAAGAGGGAGGAATGAATAAACGCTGACACCAGCCCCCCTTGGAGCTCAGAGC","AAGGGGGGCTGGTGTCAGCGTTTATTCATTCCTCCCTCTTCCTTTTCTCG","","","","","","","","","17:53386843-53388091","17:56031831-56033406","Unclassified_Cell_type_specific",""
"cg21577598",0.652828525784696,"chr17",80084751,"+","cg21577598","52684499","","TATACCTACATAAAAAACRTCCCCTTCTTACCTTACAACTTCTATCTTCC","","II","","",NA,NA,NA,NA,NA,NA,"chr17:80085040-80085333","N_Shore","AATAGCCTAAAATGCGCATGAAGGAGAGAATGATTAAATGAATGAGGCACACCCTCATGA[CG]GAAGACAGAAGCTGTAAGGTAAGAAGGGGACGCCCTCCATGCAGGCACACAGGAAGGACG","CGGAAGACAGAAGCTGTAAGGTAAGAAGGGGACGCCCTCCATGCAGGCAC","","","CCDC57","NM_198082","Body","","","","17:77678040-77678577","17:80084280-80085965","Unclassified_Cell_type_specific",""
"cg22437987",0.652824084290234,"chr17",3820910,"-","cg22437987","64624403","","AAACTAAAAATACTCTAAACAAAAAACCAAACCCTAAAACTAAAAATCCC","","II","","",NA,NA,NA,NA,NA,NA,"","OpenSea","TGGCGAGCCATGAGCTGGAAGTGCTCTGGGCAGGGAGCCAGGCCCTGGGGCTGGGAATCC[CG]GCAGCCTGTCTGAATGGGGGTCACCCACAGAGGGCTGCCCATGGCCCCTTCCAGCACCCA","AGCTGGAAGTGCTCTGGGCAGGGAGCCAGGCCCTGGGGCTGGGAATCCCG","","","P2RX1","NM_002558","TSS1500","","","","","17:3820698-3820911","Unclassified","TRUE"
"cg22980156",0.652796988002274,"chr17",15366916,"-","cg22980156","15700372","","AATATCCRATTTCAACTAAACACTCACTATAACTTAACCAAATTTTCCTC","","II","","",NA,NA,NA,NA,NA,NA,"","OpenSea","TACAAATTCTTGGTGTCCGGTTTCAGCTAGGCACTCACTGTAACTTGGCCAAATTTTCCT[CG]TTGACTTTCCCGGCACATTCCATGCAGCTCCACCCTCTGTGAGCCATGAAGCTGCTCCCA","CGAGGAAAATTTGGCCAAGTTACAGTGAGTGCCTAGCTGAAACCGGACAC","","","CDRT4","NM_173622","5'UTR","","","TRUE","","","","TRUE"
"cg23448998",0.652765229438498,"chr17",17110353,"-","cg23448998","21667381","","CACAACAAAACTACTCTAAAAATATAAAATCACACCTTCACTATCTTCTC","","II","","",NA,NA,NA,NA,NA,NA,"chr17:17108771-17109701","S_Shore","CTCGCATGGAGCACAGCAGAGCTGCTCTGGAAATGTGGGGTCACACCTTCACTGTCTTCT[CG]GGAGCAGCTAGGCTGGGCTGGGGAATGACCTGGGAACACAGATAATCAGGGAATCAACAC","ACAGCAGAGCTGCTCTGGAAATGTGGGGTCACACCTTCACTGTCTTCTCG","","","PLD6","NM_178836","TSS1500","","","","17:17049497-17051315","17:17108465-17110453","Promoter_Associated",""
"cg07058998",0.652353802379399,"chr18",52625365,"+","cg07058998","71698387","","ATAAAAACAACTACACTTCTTAAAACCCAAACCAACRTCATAAAACCRAC","","II","","",NA,NA,NA,NA,NA,NA,"chr18:52626517-52626849","N_Shore","TAGTTAGGACAAGGGATCAATTTATTTTGTAAATAACAAGAGGAAAGAACCTTCTTATGA[CG]TCGGCCTTATGACGTTGGCCTGGGTCCCAAGAAGTGTAGTTGTTTTCATTCTTTCTGCAA","CGTCGGCCTTATGACGTTGGCCTGGGTCCCAAGAAGTGTAGTTGTTTTCA","","","CCDC68;CCDC68","NM_001143829;NM_025214","TSS200;5'UTR","","","","","","",""
"cg11908294",0.652336813715257,"chr18",46067903,"+","cg11908294","25752395","","TTCTATTCACRTATAATTAAATTTTCTTAAAAACCAAACCATCTCCTCRC","","II","","",NA,NA,NA,NA,NA,NA,"chr18:46065533-46067826","S_Shore","CCCAGGGCCCGATCTGGGCTGAAAACCTCAGGAATCCAGGCTCCTAGCAGGCTCGGGCTG[CG]CGAGGAGATGGCCTGGCTTTCAAGAAAACCCAATTATACGTGAACAGAATGCACCGAACA","CGCGAGGAGATGGCCTGGCTTTCAAGAAAACCCAATTATACGTGAACAGA","","","KIAA0427;KIAA0427","NM_001142397;NM_014772","5'UTR;5'UTR","","","TRUE","18:44318990-44321904","","",""
"cg02626388",0.652291675522437,"chr19",13954572,"+","cg02626388","73796434","","CACTAAACCAAACCCCRAAACAAAACCTCCTCCTAAAAAACAATACAACC","","II","","",NA,NA,NA,NA,NA,NA,"chr19:13953222-13953554","S_Shore","CCTCTTTCCCGGTGTGCCTGTCTTTCCCGCTCCATCCTCCAGCCTCCACCGGGAGGAACG[CG]GCTGCATTGTTCCTCAGGAGGAGGCCCTGCCTCGGGGCCTGGCCCAGTGCCCAGGTGGGT","CGGCTGCATTGTTCCTCAGGAGGAGGCCCTGCCTCGGGGCCTGGCCCAGT","","","","","","","","","","19:13954512-13954721","Unclassified",""
"cg03684062",0.652204398180966,"chr19",3179364,"-","cg03684062","68636391","","ACTAAAAATACTACCTTTACTAAACTAAAACTACCTATACRCCTTTAACC","","II","","",NA,NA,NA,NA,NA,NA,"chr19:3178741-3179986","Island","CTGGCCGCGCTGCTGGGGATGCTGCCTTTGCTGGGCTGGAACTGCCTGTGCGCCTTTGAC[CG]CTGCTCCAGCCTTCTGCCCCTCTACTCCAAGCGCTACATCCTCTTCTGCCTGGTGATCTT","CTGGGGATGCTGCCTTTGCTGGGCTGGAACTGCCTGTGCGCCTTTGACCG","","","S1PR4","NM_003775","1stExon","","","","19:3128817-3131105","19:3179338-3179430","Promoter_Associated",""
"cg08700306",0.652162618629065,"chr19",33686390,"+","cg08700306","42679369","","AAAAACCATATAAATTAAAAATTTAACTCCTCCTCTCRCCTACACAAAAC","","II","","",NA,NA,NA,NA,NA,NA,"chr19:33685146-33686085","S_Shore","CAGGCATGGGGTGGGAGGGGCTCCCGCCCTGTCCGGGAGTTTTTCTGTCCAGCTTTCCAG[CG]CTCTGTGTAGGCGAGAGGAGGAGTTAAATCCCCAACCCACATGGCTCCTTTATTTACTGT","GGAGCCATGTGGGTTGGGGATTTAACTCCTCCTCTCGCCTACACAGAGCG","","TRUE","LRP3","NM_002333","Body","","","","","","","TRUE"
"cg14085840",0.652114604293325,"chr19",40939429,"+","cg14085840","26720404","","TAACCTTATCTCCTAACAAACAACACTTCAAAACCTTTACACTAACTCTC","","II","","",NA,NA,NA,NA,NA,NA,"chr19:40939804-40940098","N_Shore","AACAAACCAAAACAAATGAGAGAGGTAGGAAAACTAGAGGAAGAGCATTCCAGGCAGAGG[CG]AGAGCCAGTGCAAAGGCTCTGAAGTGCTGCCTGTCAGGAGACAAGGCCAGGGCAGCTGGA","GGCCTTGTCTCCTGACAGGCAGCACTTCAGAGCCTTTGCACTGGCTCTCG","","","","","","","","TRUE","","","",""
"cg16504798",-0.651769641715731,"chr19",8643540,"+","cg16504798","34749433","","AACCTCAAATAATTAACTAATATCCCAAAAACCAACTCATAAACTAACAC","","II","","",NA,NA,NA,NA,NA,NA,"","OpenSea","CTCCCTTTTCTCATTGTAAAATGGGAACGTGGGTCCCCCCAGCAGAGCCTGGCCCAGGTA[CG]TGTCAGCCTATGAGCTGGTCTTTGGGACACCAGCCAACCACCTGAGGCTCCTCTTGACAT","CGTGTCAGCCTATGAGCTGGTCTTTGGGACACCAGCCAACCACCTGAGGC","","TRUE","MYO1F","NM_012335","TSS1500","","","","","19:8643395-8644015","Unclassified_Cell_type_specific",""
"cg22041417",0.651721328820532,"chr19",16178195,"-","cg22041417","58661489","","TTTTTTCTTCCTTTAAAAAAATCCTAAATCCAAATAAAACRAAAACTACC","","II","","",NA,NA,NA,NA,NA,NA,"chr19:16178396-16178609","N_Shore","TAGGACCTTTTTTTTTTCTTCCTTTAAGAAAATCCTAGGTCCAAATAAGGCGAGGGCTGC[CG]GGAGCACGGTGAGCTGGCCAAGTCCTCCTGAGCAAGCGAGTGGCGGCTGGCCCGGCCGGC","CGGCAGCCCTCGCCTTATTTGGACCTAGGATTTTCTTAAAGGAAGAAAAA","","","TPM4","NM_001145160","TSS200","","","","19:16039185-16039947","19:16177987-16178319","Unclassified_Cell_type_specific","TRUE"
"cg22760304",-0.651597675793885,"chr19",14607597,"-","cg22760304","57686307","","TCCCTACTTCCTAAACTATACAATAAACAAAAACATTCATTCATTCATTC","","II","","",NA,NA,NA,NA,NA,NA,"chr19:14606709-14607385","S_Shore","GGTCCCGAGTTTCCCTGCTTCCTGGGCTGTACAATGGACAAAGGCATTCATTCATTCATT[CG]TTCACTCACTCATCAAATATTTAATGTGCCAGACTGCTCCGTGCCAGACTCTGTCCTACC","CCCTGCTTCCTGGGCTGTACAATGGACAAAGGCATTCATTCATTCATTCG","","","GIPC1;GIPC1;GIPC1;GIPC1;GIPC1;GIPC1","NM_202468;NM_202470;NM_005716;NM_202467;NM_202494;NM_202469","TSS1500;TSS1500;TSS1500;TSS1500;TSS1500;TSS1500","","RDMR","","","","",""
"cg26476925",0.651256108512384,"chr19",45245446,"+","cg26476925","22668318","","AATCAAACTACCTCCAATCTAAACCCTAAACTAAAAATCCACACRACTCC","","II","","",NA,NA,NA,NA,NA,NA,"","OpenSea","ATGCTCCAGGAAGCTGGCCCGCATTCACCCGTGGGGGTGGGGCAGAGCAGCCTCAGGGAG[CG]GAGCCGTGTGGACTTCCAGCCCAGGGCCCAGACTGGAGGCAGCCTGACCTTGGGCATGTC","CGGAGCCGTGTGGACTTCCAGCCCAGGGCCCAGACTGGAGGCAGCCTGAC","","","","","","","DMR","","","","","TRUE"
"cg09072870",0.651234612768276,"chr20",49346996,"+","cg09072870","45751379","","AACCAAACTATATCCCAAAACAACAAAACRCTAAATCCTCCTCTCTAAAC","","II","","",NA,NA,NA,NA,NA,NA,"chr20:49347365-49348659","N_Shore","TCTTCTCCTCTCCTCCCCATGACCCACAGGGTCTGTGTGAAGAGAGGCCGGGCTCTGGGA[CG]TTCAGAGAGGAGGATTCAGCGTTTTGTTGCTCTGGGACACAGCTTGGTCACTCCGGGAAA","ACCAAGCTGTGTCCCAGAGCAACAAAACGCTGAATCCTCCTCTCTGAACG","","","PARD6B","NM_032521","TSS1500","","","","","","",""
"cg06929414",0.651034227869163,"chr21",46708729,"+","cg06929414","28697389","","TTTTAAAAACTACCTACACTAAAATCAACRTAACRTCCCCTCAAAAAACC","","II","","",NA,NA,NA,NA,NA,NA,"chr21:46707629-46708751","Island","TTCCCCGAGGGCACCAGCACTGGCCGACCGACCTGGCTTGGGGCGCGGCGCTGGCAAACC[CG]GCCTTCTGAGGGGACGCCACGCTGACTCTAGTGCAGGCAGCCCCCAAAACGGTATAATTG","CGGCCTTCTGAGGGGACGCCACGCTGACTCTAGTGCAGGCAGCCCCCAAA","","","POFUT2;POFUT2;LOC642852;POFUT2","NR_004858;NM_133635;NR_026943;NM_015227","TSS1500;TSS1500;Body;TSS1500","","","","21:45532067-45533179","","",""
"cg08136416",0.650896540161291,"chr21",44060833,"-","cg08136416","49807329","","TAATAAAATATAAACTCTAAACAACCAACCAACCCTAATACTAACCATAC","","II","","",NA,NA,NA,NA,NA,NA,"","OpenSea","GGTTATGAGGCTGGTAGGGTGTGAGCTCTGGGCAGCCAGCCAACCCTGATACTGGCCATA[CG]GGAGGGGAAGGCCTTTGGGGGAGGGGAGGGGAGAGAGGGAAATTGAGTCCCTGATTCTAC","GGTAGGGTGTGAGCTCTGGGCAGCCAGCCAACCCTGATACTGGCCATACG","","","","","","","RDMR","TRUE","","","",""
"cg01066936",0.650838638009367,"chr22",41776843,"+","cg01066936","40683451","","CTCTCCCTTCTTTTACCTAAAAAACAAAAACCTCCTTAACACCAAATACC","","II","","",NA,NA,NA,NA,NA,NA,"chr22:41777430-41778281","N_Shore","AACTCCCGGGGAGGCTTTATATTTTAAGAGAGGAGGTGGTTCTCCCACAAAACGTGGCAT[CG]GTACCTGGTGTCAAGGAGGTTTTTGTTTTCTAGGTAAAAGAAGGGAGAGTTCTAGAAAGG","CGGTACCTGGTGTCAAGGAGGTTTTTGTTTTCTAGGTAAAAGAAGGGAGA","","","TEF;TEF","NM_001145398;NM_003216","Body;TSS1500","","","","","","",""
"cg01441777",0.650823819323874,"chr22",38714416,"-","cg01441777","63736391","","TATATTCACACAATTATAACTATAAACACRCAAAATACCTAAAACCCTAC","","II","","",NA,NA,NA,NA,NA,NA,"chr22:38712684-38713333","S_Shore","TATGACACACCTATATTCACACAGTTGTGACTGTGGACACGCAAAATGCCTGAGGCCCTG[CG]TCCAATCCCGGAAGCACAGTTCCTGGGAGGAGTCACTTCTATAATAGCCGTATCTTCCCT","CGCAGGGCCTCAGGCATTTTGCGTGTCCACAGTCACAACTGTGTGAATAT","","TRUE","CSNK1E;CSNK1E","NM_001894;NM_152221","TSS1500;TSS1500","","","TRUE","","","",""
"cg06991495",0.65081949448843,"chr22",38714466,"-","cg06991495","49634441","","RTCCAATCCCRAAAACACAATTCCTAAAAAAAATCACTTCTATAATAACC","","II","","",NA,NA,NA,NA,NA,NA,"chr22:38712684-38713333","S_Shore","TGAGGCCCTGCGTCCAATCCCGGAAGCACAGTTCCTGGGAGGAGTCACTTCTATAATAGC[CG]TATCTTCCCTCCTCGAGGCTGAGGGACTGAGTCACACACGTGTCCAAACGGGCAGGAGCC","CGGCTATTATAGAAGTGACTCCTCCCAGGAACTGTGCTTCCGGGATTGGA","","","CSNK1E;CSNK1E","NM_001894;NM_152221","TSS1500;TSS1500","","","TRUE","","","",""
"cg07313319",0.650689362904931,"chr22",38714426,"+","cg07313319","31700332","","AAAAAAATACRACTATTATAAAAATAACTCCTCCCAAAAACTATACTTCC","","II","","",NA,NA,NA,NA,NA,NA,"chr22:38712684-38713333","S_Shore","CTATATTCACACAGTTGTGACTGTGGACACGCAAAATGCCTGAGGCCCTGCGTCCAATCC[CG]GAAGCACAGTTCCTGGGAGGAGTCACTTCTATAATAGCCGTATCTTCCCTCCTCGAGGCT","GGAAGATACGGCTATTATAGAAGTGACTCCTCCCAGGAACTGTGCTTCCG","","","CSNK1E;CSNK1E","NM_001894;NM_152221","TSS1500;TSS1500","","","TRUE","","","",""
"cg09350141",-0.650517030154384,"chr22",22306651,"-","cg09350141","55705451","","CACAAACCTATAACTAAAACAACTACAACCCRAACACTTATACAACTAAC","","II","","",NA,NA,NA,NA,NA,NA,"chr22:22306554-22307402","Island","AGGCTCTGGCTCACAGACCTGTGGCTGAAGCAGCTGCAGCCCGAGCACTTGTGCAGCTGA[CG]CTCGCTTCACGGACGCTTGGGAGGCCGCGGAGCCGGGGGCCATCAGGCAGACTGGGCCCC","ACAGACCTGTGGCTGAAGCAGCTGCAGCCCGAGCACTTGTGCAGCTGACG","","TRUE","PPM1F","NM_014634","5'UTR","","","","22:20636387-20637402","22:22306231-22307778","Promoter_Associated",""
"cg14995562",0.650493323735695,"chr22",38714166,"-","cg14995562","39773498","","CCACAAATACCAAAACACCRACACTTAAATCTAAACTCCRAATAATACAC","","II","","",NA,NA,NA,NA,NA,NA,"chr22:38712684-38713333","S_Shore","AAGGAGGGGTGCCACAAGTACCAAAGCACCGACACTTGAGTCTGGGCTCCGAGTGGTGCA[CG]TTTAGCCAAGCCACCTCCCAGCTCTGAGCTTGGGTTTCCTTAAACAGCAAATGGGAGGAA","CGTGCACCACTCGGAGCCCAGACTCAAGTGTCGGTGCTTTGGTACTTGTG","","","CSNK1E;CSNK1E","NM_001894;NM_152221","TSS200;TSS1500","","","","","","",""
"cg18053607",0.650446302747328,"chr22",31518963,"-","cg18053607","74659320","","TAAAATAACTAATAACATCACTAATTCCCRAAAACRATAAAACTAAAACC","","II","","",NA,NA,NA,NA,NA,NA,"","OpenSea","TCTCAGCAGGTTGAAATGGCTGATGACATCACTGGTTCCCGGGAGCGGTAGAGCTGGAGC[CG]GAGCCAAGGGAGTCCAGGCTGCCGGGGGCTGCAGACATGGAGGGCCAGAGCAGCAGGGGC","CGGCTCCAGCTCTACCGCTCCCGGGAACCAGTGATGTCATCAGCCATTTC","","TRUE","INPP5J;INPP5J","NM_001002837;NM_001002837","5'UTR;1stExon","low-CpG:29848724-29848990","","TRUE","","","",""
"cg20208009",-0.650091689217894,"chr22",19974048,"+","cg20208009","32725306","","TACAAAAAAACTTCCRAAACTTTAATAAAAATCTTCTCTACCTCCRAAAC","","II","","","rs62223688",0.042048,NA,NA,NA,NA,"chr22:19974274-19974756","N_Shore","AGAGATCTCCTCCAGCATCCATTAGTGGGCAGGGCCTGTCTCTATCCCTCCCATCACGTG[CG]CCTCGGAGGCAGAGAAGACTTCCATTAAAGCTCCGGAAGCTCCTTTGCAGGTCCCGGGAG","CGCCTCGGAGGCAGAGAAGACTTCCATTAAAGCTCCGGAAGCTCCTTTGC","","","ARVCF","NM_001670","Body","","","","","22:19973688-19975514","Unclassified",""
"cg26373518",0.650063285781782,"chr22",31518942,"-","cg26373518","30602504","","ACCTTTAAATTCTCAACAAATTAAAATAACTAATAACATCACTAATTCCC","","II","","",NA,NA,NA,NA,NA,NA,"","OpenSea","TGGGAGCCTGTGCCTTTAAATTCTCAGCAGGTTGAAATGGCTGATGACATCACTGGTTCC[CG]GGAGCGGTAGAGCTGGAGCCGGAGCCAAGGGAGTCCAGGCTGCCGGGGGCTGCAGACATG","CCTTTAAATTCTCAGCAGGTTGAAATGGCTGATGACATCACTGGTTCCCG","","","INPP5J","NM_001002837","TSS200","low-CpG:29848724-29848990","","TRUE","","","",""
